Customer_ID,Full_Name,Contact_Email,Phone_Number,Signup_Date,Country,Subscription_Tier,Total_Spend_USD,Account_Status
CUST-1217,Katherine Smith,charlesnathan@example.com,894.972.8463x9208,2026-06-03,Antigua and Barbuda,Basic,3757.67,Active
CUST-1795,Richard Stuart,ballelizabeth@example.com,498.776.8299x6872,2024-04-20,Congo,basc,964.67,Active
CUST-1868,Alex Miller,wibarra@example.com,789.482.6041x809,2026-06-05,Slovenia,Basic,2701.4,Active
CUST-1472,Jacqueline Fleming,rbaker@example.org,+1-303-580-2146x296,2023-08-31,Kyrgyz Republic,Enterprise,$1103.06,Pending
CUST-1551,Matthew Ruiz,russell36@example.net,374-988-3607x658,2022-11-04,Anguilla,Pro,1585.65,Pending
CUST-1249,Erik Jacobs,ndaniels@example.net,(498)432-4826,2023-04-24,Moldova,Enterprise,4406.53,Pending
CUST-1446,Bradley Patterson,jessicalopez@example.com,001-514-336-3718x92392,2022-05-20,Argentina,Basic,351.09,Inactive
CUST-1137,Andrea Oneal,hatfieldsarah@example.org,(596)258-2710x9104,2026-05-03,Yemen,Pro,838.03,Pending
CUST-1320,Jennifer Mills,wilsonralph@example.net,001-812-315-3539,2022-11-20,Jamaica,Pro,318.31,Pending
CUST-1120,James Hunter,ystephens@example.com,001-789-811-3529x096,2022-04-02,Bolivia,Basic,506.88,Inactive
CUST-1468,Emily Myers,terri15@example.com,001-481-982-0967x9042,2022-02-11,Niue,PRO_tier,1800.31,Pending
CUST-1036,Michele Gibson,sandrafrench@example.net,001-336-218-3242,2022-07-21,Gambia,Pro,4494.22,Inactive
CUST-1433,   marissa miller  #,melissa01@example.org,445.982.6034x08487,2025-03-13,Mali,Pro,3883.12,Pending
CUST-1577,Edward Johnson,howardbenjamin@example.net,(532)918-1227x6457,2021-12-04,Greece,Basic,4371.36,Active
CUST-1584,Thomas Thompson,,(516)496-6630,2024-10-08,Macao,Pro,4428.92,Active
CUST-1514,Justin Smith,austin97@example.org,(827)374-0258x835,2022-08-05,Canada,Enterprise,439.3,Inactive
CUST-1010,Jessica Callahan,williamsyvette@example.org,432-867-7360,2021-09-24,Iceland,Pro,819.62,Inactive
CUST-1840,Ashley Thomas,bethany36@example.com,+1-882-508-9348,2024-10-16,Turkmenistan,Basic,1414.47,Pending
CUST-1959,Audrey Hull,gomezbrittney@example.net,+1-838-845-7202,2023-07-26,Zimbabwe,Pro,3906.89,Pending
CUST-1639,Kim Long,justintaylor@example.org,866-666-1707x1587,2024-03-18,Solomon Islands,Pro,2589.78,Pending
CUST-1722,Jennifer Lewis,satkinson@example.org,+1-225-429-5961x111,2024-06-04,Lithuania,Basic,1999.82,Inactive
CUST-1138,Katie Fuller,zhenderson@example.org,+1-788-892-4141x8328,2024-08-27,Serbia,Basic,1943.58,Active
CUST-1743,Kenneth Adams,mannjonathan@example.net,401.269.3429x2913,2022-11-16,Egypt,Basic,994.38,Inactive
CUST-1917,James Whitaker,plin@example.org,+1-518-604-6741x3075,2025-08-01,Palau,Enterprise,1253.88,Pending
CUST-1640,Patricia Hale,lopezchristopher@example.net,001-298-825-0800x4635,2025-06-01,Malta,Enterprise,841.93,Active
CUST-1193,Martin Sellers,susanfleming@example.com,(216)648-4085x8877,2026-03-20,Congo,Basic,1394.99,Inactive
CUST-1292,Devin Cole,sharonbishop@example.org,+1-327-391-4560x833,2024-10-25,Tokelau,Pro,3549.43,Pending
CUST-1841,William Foster,vickimullins@example.com,+1-591-760-9114x131,2025-01-10,Netherlands Antilles,Basic,209.48,Pending
CUST-1850,Mark Townsend,jackie01@example.com,+1-459-695-3006x2212,2022-08-17,Serbia,Enterprise,1628.57,Pending
CUST-1429,   meghan hinton  #,nicholasmcgrath@example.net,(701)857-2018,2026-07-28,Niue,Basic,3944.63,Active
CUST-1744,Monique Sutton,tammyhill@example.org,001-903-410-6153,2022-06-16,Oman,Pro,2122.96,Inactive
CUST-1702,Katherine Rodriguez,hhughes@example.org,(615)400-1418,2025-08-23,Uzbekistan,Basic,1486.55,Inactive
CUST-1294,Casey Floyd,erobertson@example.org,001-579-895-6353x1531,2026-01-27,Honduras,Pro,3949.75,Pending
CUST-1934,David Hayes,sgordon@example.net,+1-368-900-8529x46902,2023-11-30,France,basc,2841.59,Pending
CUST-1149,Matthew Lamb,steinmaria@example.com,207-802-9667,2025-02-20,China,Pro,$3050.73,Pending
CUST-1693,JOSEPH BENSON!!!,barnesarthur@example.com,+1-561-411-4576,2022-04-30,Central African Republic,Pro,1522.3,Active
CUST-1004,Maria Thomas,johnhoffman@example.com,001-496-496-5328x7101,2025-09-07,Jamaica,Basic,197.5,Active
CUST-1815,Kimberly Thompson,bakerangela@example.net,+1-878-288-9753x58523,2025-09-19,Uzbekistan,Enterprise,1050.68,Pending
CUST-1676,Michael Terry MD,gonzalezbarry@example.org,001-870-551-9582,2022-06-26,Albania,Basic,2614.61,Inactive
CUST-1144,Tiffany Smith,usweeney@example.com,338-236-7024,2026-05-01,Ukraine,Pro,3413.61,Pending
CUST-1251,Michael Woods,xjoseph@example.org,(577)522-3306x0463,2022-01-19,Vanuatu,Basic,1244.71,Inactive
CUST-1383,Jamie Wu,pattonbryan@example.com,6498611080,2023-09-24,Niger,Pro,1408.68,Pending
CUST-1230,Sandra Martinez,paulproctor@example.org,001-303-671-8376x4520,2024-02-17,French Southern Territories,Basic,554.41,Inactive
CUST-1378,Douglas Morse,james94@example.net,237.550.4793,2026-08-24,Northern Mariana Islands,Enterprise,1287.99,Inactive
CUST-1974,VERONICA SIMMONS!!!,,+1-615-827-8730,2022-08-23,Poland,Basic,2421.1,Active
CUST-1969,Mr. James Weaver DDS,nathan39@example.com,521-338-3507x12455,2022-07-21,Switzerland,Basic,1558.06,Inactive
CUST-1204,Mitchell Wilson,robertrivera@example.org,477.439.2603x0299,2024-11-14,Armenia,Entrp,4494.17,Inactive
CUST-1526,Joshua Garcia,rachel97@example.com,732-483-4831,2021-11-25,Dominica,Pro,4328.02,Pending
CUST-1956,Darren Anthony,nicolemason@example.com,+1-333-576-1851x86267,2023-11-23,Gambia,Basic,1801.88,Active
CUST-1767,Sydney Johnson,jessicarichardson@example.net,001-688-224-5279x050,2026-09-09,French Guiana,Pro,4668.47,Pending
CUST-1500,Jennifer Long,jessicasuarez@example.com,932.635.4940x1289,2025-12-26,Portugal,Pro,1674.21,Active
CUST-1054,Jason Wilson,alvarezkimberly@example.net,001-917-283-9084,2022-01-10,Lesotho,Basic,603.75,Inactive
CUST-1118,Ryan James,scott69@example.org,759-837-5265x4793,2023-02-15,Solomon Islands,Pro,1057.81,Pending
CUST-1362,Melody Griffin,paigeweber@example.net,+1-675-563-4108x5628,2022-03-09,Micronesia,Basic,3746.49,Inactive
CUST-1301,Tina Clark,lukehurst@example.net,+1-664-901-5577x88178,2024-10-29,South Georgia and the South Sandwich Islands,Enterprise,1555.25,Inactive
CUST-1699,GRANT BLACK DDS!!!,crystal44@example.net,635.853.9354x35864,2025-01-26,Comoros,Enterprise,2830.17,Inactive
CUST-1276,LARRY LANE!!!,jenniferadams@example.net,001-950-309-7519,2022-06-07,Saint Martin,Basic,4119.47,Inactive
CUST-1483,Christina Davis,xsmith@example.net,(909)781-9602,2022-08-27,Palau,Basic,752.28,Pending
CUST-1647,David Rice,douglasbrandt@example.org,716-288-0925,2022-06-10,Bosnia and Herzegovina,Pro,3827.27,Pending
CUST-1141,Scott Jackson,jonathangarcia@example.net,+1-213-880-0030x75622,2022-11-05,Egypt,Basic,167.14,Active
CUST-1128,Debra Daniels,amber07@example.net,361.934.0745,2026-01-18,British Indian Ocean Territory (Chagos Archipelago),Basic,257.05,Inactive
CUST-1212,Regina Mitchell,bowerswilliam@example.net,692.805.3021,2023-06-28,Indonesia,Pro,949.56,Inactive
CUST-1119,Brian Elliott,erinpierce@example.net,837.841.6724x342,2022-02-03,Netherlands Antilles,Pro,2551.77,Inactive
CUST-1350,Clarence Long,butlerjanet@example.com,001-377-694-5232,2026-01-30,Botswana,Basic,2536.34,Pending
CUST-1818,Anthony Hernandez,darrellmoore@example.net,001-876-372-0191x116,15/05/2022,Cocos (Keeling) Islands,Enterprise,2936.58,Active
CUST-1237,Neil Schmidt,jamessandoval@example.net,+1-828-786-1957x6122,2025-01-04,Martinique,Enterprise,4463.3,Inactive
CUST-1353,Tracey Ruiz,mrichards@example.com,001-660-250-1667,2024-02-28,Libyan Arab Jamahiriya,Basic,3626.1,Inactive
CUST-1001,Connie Lawrence,blakeerik@example.com,942-335-1161x55940,2026-08-03,Honduras,Pro,1262.21,Active
CUST-1148,Kristi Pierce,murraylinda@example.org,600-332-3651,30/10/2021,Bahrain,Pro,3656.3,Inactive
CUST-1334,David Ramirez,michaelbaldwin@example.com,7903034864,2024-05-25,Dominica,Basic,1948.75,Pending
CUST-1768,Thomas Clark,james84@example.net,216-532-1119x78718,2022-12-05,Bermuda,Pro,729.5,Pending
CUST-1973,Laura Gonzalez,,537-588-0331x83611,2025-11-07,Mali,Pro,1637.29,Pending
CUST-1173,William Edwards,smithjoshua@example.org,001-827-912-9666,2023-08-22,Argentina,Basic,170.91,Active
CUST-1158,John Shields,franciscojones@example.org,705-941-1526x2181,2025-03-31,Jersey,Enterprise,1580.96,Inactive
CUST-1132,Ronald Morgan,ashleewashington@example.com,+1-600-417-0127x70632,2026-02-04,Turkey,Enterprise,3759.91,Active
CUST-1844,Lydia Payne,clinesteven@example.net,(514)717-4681,2024-11-01,Uruguay,Entrp,216.2,Pending
CUST-1817,Monica Matthews,elizabeth14@example.org,948.330.9309x6713,2024-10-07,Brazil,Pro,625.39,Active
CUST-1022,Patricia Gibson,jennifercruz@example.com,220.516.3287,2026-04-24,British Virgin Islands,Basic,3367.37,Pending
CUST-1544,Morgan Campbell,cynthiadavis@example.net,001-830-561-7893x2064,2024-11-29,Liberia,Pro,3883.6,Pending
CUST-1619,   julie taylor  #,aaron48@example.net,439-891-0622x7236,2023-09-05,Congo,Basic,4434.66,Inactive
CUST-1985,Michele Sims,theresa61@example.com,+1-747-731-5663x9792,2025-09-03,Brazil,Enterprise,2521.55,Pending
CUST-1441,Sierra Mills,gregoryrichardson@example.org,650.967.6251x53814,11/03/2023,Croatia,Basic,2407.42,Inactive
CUST-1430,Danielle Wilson,sburns@example.net,(361)376-4750,2022-02-18,Liechtenstein,Basic,3945.54,Active
CUST-1095,Ryan Peck,osbornrandy@example.com,(640)904-9915,2026-09-02,Mayotte,basc,2941.68,Pending
CUST-1384,Crystal Greene,chavezsteven@example.com,+1-291-350-7859x311,2024-09-08,Tajikistan,Enterprise,3902.64,Active
CUST-1341,Kyle Jones,williamssarah@example.com,(499)200-4896x465,2024-08-16,Eritrea,Basic,2260.41,Inactive
CUST-1530,David Delgado,martinezashley@example.com,527-870-7070x578,2022-01-06,Wallis and Futuna,Enterprise,417.24,Inactive
CUST-1253,Danielle Medina,grantzachary@example.net,8346764472,2024-10-15,Austria,Enterprise,$2406.66,Pending
CUST-1060,Lawrence Perry,kariwilson@example.com,249-278-4036,2022-09-29,Yemen,Basic,1362.03,Pending
CUST-1714,Sean Gibbs,deborahturner@example.org,(703)574-7677,2024-01-15,Israel,Pro,712.98,Inactive
CUST-1706,Lucas James,jamie76@example.net,850-478-9679x35219,2025-08-30,Cote d'Ivoire,Pro,4980.05,Inactive
CUST-1673,RONNIE BROOKS!!!,fullerdebbie@example.com,(259)404-5990,2024-03-16,Vanuatu,Enterprise,1755.35,Pending
CUST-1789,Christopher Davis,lshannon@example.net,(713)948-6298,2025-08-24,Poland,Pro,3259.01,Pending
CUST-1517,Christopher Rodriguez,ogray@example.net,+1-433-847-7433,2025-10-16,Sudan,Basic,2676.49,Active
CUST-1385,Kenneth Walsh,michael79@example.com,(732)600-2496,22/08/2024,Mauritius,Enterprise,3738.6,Inactive
CUST-1559,Erica Huang,taylorlindsay@example.com,+1-775-348-1386x66754,2026-02-20,Tajikistan,Pro,140.24,Inactive
CUST-1555,Jennifer Phillips,uforbes@example.net,785-695-9224x839,2024-01-31,Cote d'Ivoire,Pro,$4075.26,Pending
CUST-1471,John Scott,isantos@example.org,001-970-754-6692,14/04/2024,Nigeria,Pro,$1790.65,Pending
CUST-1313,Taylor Palmer,kathygeorge@example.org,+1-755-444-5189,2021-10-14,Maldives,Pro,1639.24,Active
CUST-1227,Christopher Mclaughlin,oclayton@example.com,863-589-4484,28/12/2025,Cocos (Keeling) Islands,Pro,2900.19,Inactive
CUST-1435,Angela Scott,ksantos@example.com,414.862.8314x359,2025-10-31,Germany,Basic,2724.07,Active
CUST-1641,Katie Maldonado,lozanocorey@example.org,251.837.3990,2022-10-02,Portugal,Basic,4250.91,Pending
CUST-1921,   benjamin harris  #,karenjordan@example.net,(878)997-6098x7312,2026-03-10,Djibouti,Pro,2785.87,Active
CUST-1123,Crystal Sullivan,jacobsandoval@example.com,5936796603,2025-06-26,Sudan,Basic,3719.09,Pending
CUST-1962,Mr. Michael Jefferson IV,charles83@example.net,341.867.3478x53698,2023-03-10,Myanmar,Pro,889.03,Inactive
CUST-1056,MICHAEL FARRELL!!!,russellbeasley@example.com,376-361-5654x52711,2023-11-19,Samoa,Enterprise,4737.4,Active
CUST-1774,Ryan Mcmillan,nancybrown@example.org,(366)491-0627x153,2025-07-24,Equatorial Guinea,Basic,4824.37,Active
CUST-1653,Sean Anderson,wstewart@example.net,501.611.0005x15532,2025-12-04,Guyana,Enterprise,2259.05,Pending
CUST-1159,Carmen Preston,brianrivera@example.org,(288)744-4310x69872,2021-09-27,Benin,Pro,2041.88,Inactive
CUST-1306,Jonathan Thomas,jreilly@example.org,001-988-254-7492x9751,02/06/2022,Micronesia,Entrp,4188.0,Pending
CUST-1658,Morgan Smith,egonzalez@example.com,(504)965-5866x5254,2023-02-17,Belize,Pro,3355.81,Pending
CUST-1197,Daniel Figueroa,jason82@example.org,(939)343-1290,2023-03-06,Bangladesh,Pro,1687.86,Inactive
CUST-1602,Andrea Hartman,susan57@example.net,625.673.7553,2024-09-27,Venezuela,basc,3093.31,Active
CUST-1534,Kayla Norman,shelby69@example.org,+1-226-911-3989x86818,2025-01-07,Mali,Pro,2922.63,Pending
CUST-1825,Brian Copeland,steven01@example.org,+1-501-381-0306,2023-12-20,Falkland Islands (Malvinas),Basic,274.18,Inactive
CUST-1061,Chad Scott,david76@example.org,(268)838-8516,2021-10-25,Uruguay,Pro,4823.6,Pending
CUST-1830,John Mcdonald,benjamin49@example.org,+1-381-794-9053,2025-08-24,Armenia,Enterprise,4820.72,Inactive
CUST-1601,Jessica Mitchell,,662-629-4938x17359,2025-03-03,Burundi,Enterprise,760.71,Inactive
CUST-1854,Paul Williams,terri25@example.com,824.621.8385x45400,2023-04-02,Heard Island and McDonald Islands,Pro,351.74,Pending
CUST-1388,Erin Singh,richardmckenzie@example.org,(701)250-8124x739,07/08/2026,Congo,Pro,3404.93,Pending
CUST-1157,Meagan Daniel,sean43@example.org,001-915-841-0067x626,2023-06-24,Honduras,Basic,3612.78,Inactive
CUST-1981,Laura Lynch,fflowers@example.com,490-809-9217x79055,2026-05-07,Myanmar,Basic,3424.48,Pending
CUST-1139,Melanie Jones,,416.317.9904,2021-10-14,Burundi,Pro,1151.05,Inactive
CUST-1201,Donna Marshall,sanderswayne@example.net,492.982.7229,2026-06-02,Armenia,Pro,2411.05,Inactive
CUST-1659,Tamara Miller,michelle10@example.org,001-713-312-5129x31100,2022-07-03,Niue,Basic,2772.49,Inactive
CUST-1804,Rebecca Cole,kramirez@example.org,458.454.8596x5594,2023-03-31,Nicaragua,Pro,3466.94,Pending
CUST-1737,William Peck,,921-998-8192,2024-06-28,Micronesia,Pro,1364.38,Pending
CUST-1738,GINA WEBER!!!,hartmandanielle@example.org,786-840-1042x4624,2026-08-18,Marshall Islands,Enterprise,2909.29,Pending
CUST-1552,David Wood,daymartin@example.net,418-823-7931,2024-10-21,Lebanon,Enterprise,3327.57,Active
CUST-1884,Sherry Patterson,caleb84@example.net,+1-713-459-9285x535,2021-12-13,Iceland,Pro,3820.06,Inactive
CUST-1162,Michelle Shaw,davidtodd@example.org,(433)620-6163,28/04/2023,Saint Lucia,Entrp,4518.89,Pending
CUST-1545,Tiffany Humphrey,nancycontreras@example.com,+1-769-558-7413x1467,2025-01-13,Brazil,Enterprise,309.21,Pending
CUST-1828,Jillian Warner,tyler31@example.net,8538396274,2023-11-28,Canada,Basic,1471.1,Active
CUST-1423,Cynthia Lewis,garciavictoria@example.org,(956)343-4712,13/09/2025,Grenada,Pro,541.81,Pending
CUST-1299,SHELLY SULLIVAN!!!,,001-758-204-6498x931,2024-04-18,United States of America,Pro,2995.47,Pending
CUST-1858,Taylor Kirby,vanessa44@example.com,+1-554-946-0838x51799,2025-03-31,Micronesia,Enterprise,1936.72,Pending
CUST-1632,Jerry Santos,thomas21@example.net,(914)694-0976x263,2024-05-31,Peru,Pro,1567.15,Pending
CUST-1698,   jennifer hoffman  #,kendrawilliams@example.com,(447)954-8954x7876,2023-05-29,Puerto Rico,Pro,697.29,Inactive
CUST-1991,Kelly Brown,eharris@example.com,+1-558-233-3647x7041,2024-09-30,Nigeria,Pro,2741.04,Inactive
CUST-1570,Melissa Warren,davidcook@example.org,442-557-6270,2026-02-20,Gabon,Pro,3072.45,Pending
CUST-1364,Jody Bird,michaelmitchell@example.net,001-526-783-1589,2023-12-30,Cameroon,Basic,2246.21,Pending
CUST-1971,Kristen Jackson,george52@example.net,216-218-5759x17105,2023-07-16,Netherlands Antilles,Pro,$2229.1,Inactive
CUST-1947,Jacob Hardy,,463-802-9559x63637,2022-08-01,Nigeria,Entrp,1512.13,Active
CUST-1870,   teresa graham  #,franciscomorrison@example.com,789-917-0454x21854,2025-11-21,Aruba,Enterprise,$3034.46,Active
CUST-1683,Michael Patrick,russomary@example.com,+1-973-904-5195,2024-06-11,Holy See (Vatican City State),Entrp,884.75,Pending
CUST-1777,Michelle Chavez,brandi26@example.net,001-399-669-9648x997,2022-06-13,Slovenia,Pro,1462.81,Active
CUST-1508,Elizabeth Miller,ygardner@example.com,828-975-8575,2023-10-29,Isle of Man,Enterprise,2117.59,Active
CUST-1697,Jeffrey Harrell,qjohnson@example.net,(667)993-2798x623,2025-08-03,Jersey,Enterprise,1630.62,Inactive
CUST-1964,Amy Larsen,josephbass@example.com,513.908.8983x05748,2023-01-12,Timor-Leste,basc,877.68,Inactive
CUST-1531,Steven Arnold,alexanderjonathan@example.com,972-732-2903x102,2021-12-06,Saint Barthelemy,Pro,236.16,Inactive
CUST-1940,Kimberly Knapp,kristinaharrison@example.org,681-422-5909x56684,2026-06-17,Libyan Arab Jamahiriya,Basic,4201.44,Inactive
CUST-1048,Theodore Murphy,ithompson@example.net,(488)542-4745x171,2026-01-09,Saint Kitts and Nevis,Enterprise,3821.71,Pending
CUST-1715,Danielle Thomas,phillipsbrian@example.com,(761)594-5887x0715,2023-04-10,Madagascar,Enterprise,1860.6,Inactive
CUST-1300,Stacy Rodriguez,steven05@example.com,(381)983-2538,2025-05-30,Sao Tome and Principe,Pro,2223.81,Inactive
CUST-1039,Matthew Morales DDS,gibsonleonard@example.com,768-908-7603,2024-11-06,Senegal,basc,806.56,Active
CUST-1310,Justin Page,jamescollier@example.com,+1-570-249-4787,2025-09-05,Cape Verde,Pro,948.37,Pending
CUST-1770,Yolanda Johnson,cookrobert@example.net,(698)603-6577,2025-11-02,Nepal,Basic,3365.68,Pending
CUST-1925,Tammy Dyer,barnesjames@example.com,(804)650-0635x53730,2024-07-19,Nicaragua,Basic,4479.22,Active
CUST-1436,Jessica Johnson DDS,nelsonamanda@example.net,+1-561-651-5542,2021-10-09,Honduras,Basic,3322.24,Active
CUST-1445,Mrs. Katherine Simpson,markduran@example.com,862.211.0225x80305,2023-11-23,French Guiana,Enterprise,1543.07,Pending
CUST-1580,Connie Carr,omatthews@example.net,586-478-0555x57277,2025-02-01,Equatorial Guinea,Enterprise,4263.27,Inactive
CUST-1261,Michelle Krause,wilsonsteven@example.org,001-639-366-0558x3034,2023-04-06,Madagascar,Basic,647.25,Active
CUST-1370,Barbara Mayer,,297.918.9569,2026-01-12,Angola,Basic,440.89,Inactive
CUST-1582,Krystal Perry,potterjustin@example.net,636.482.6911x6331,2026-01-18,Seychelles,Pro,4531.27,Active
CUST-1458,Michael Burton,smithbradley@example.net,618-562-0303x6625,2026-05-01,Poland,Pro,4446.05,Inactive
CUST-1485,JOHNNY WARD!!!,peterhenry@example.org,(217)313-6657x22402,2026-08-08,Guatemala,basc,1912.16,Inactive
CUST-1491,Dr. Jason Martinez Jr.,brittany39@example.org,209-307-4260x8805,2024-01-27,Switzerland,Pro,3326.6,Inactive
CUST-1846,Erik Keller,martinezdennis@example.net,+1-220-575-3605x11716,2025-11-20,Mauritania,basc,3715.68,Inactive
CUST-1315,Gregory Vazquez,lisapreston@example.net,352.840.1322x34232,2025-03-06,Slovenia,Pro,1476.68,Inactive
CUST-1403,Kathy Chan,qhayes@example.org,307.401.7656x36004,2023-05-11,San Marino,Basic,1359.07,Active
CUST-1234,Jordan Parsons,bgross@example.net,(693)751-8638x782,2023-10-09,Gibraltar,Basic,2554.51,Inactive
CUST-1247,Charlotte Mason,tcastro@example.org,7387457620,2023-07-02,Gabon,Basic,2463.37,Inactive
CUST-1179,Christopher Williams,michael56@example.net,610-302-2557,2023-08-02,Guam,Basic,$3903.18,Active
CUST-1612,John Lucero,mtaylor@example.net,3479742585,2024-03-09,Switzerland,Entrp,3795.56,Active
CUST-1616,PAMELA BAKER!!!,ronald08@example.org,637-911-8425,2023-11-26,Wallis and Futuna,Enterprise,952.28,Active
CUST-1713,Scott Martinez,clarkcarol@example.com,519-866-6450x5730,2025-08-07,Sao Tome and Principe,Enterprise,90.48,Active
CUST-1061,Chad Scott,david76@example.org,(268)838-8516,2021-10-25,Uruguay,Pro,4823.6,Pending
CUST-1811,Richard Chandler,,(322)899-9362,2025-09-20,Palestinian Territory,Entrp,4372.02,Active
CUST-1349,Sarah Mills,ashley81@example.org,218.366.1794x54918,2025-06-04,Kyrgyz Republic,Basic,2501.88,Active
CUST-1399,   david keller  #,gibsonmiguel@example.org,(956)362-1286,2023-09-01,United Kingdom,Basic,2368.24,Active
CUST-1769,Christina Robinson,oschneider@example.org,(201)219-8756x17868,2026-04-13,Cote d'Ivoire,Enterprise,$2954.81,Active
CUST-1757,Crystal Graves,castroralph@example.net,001-220-382-8323,2022-12-06,Micronesia,Pro,3539.26,Pending
CUST-1031,Kyle Beard,blackjames@example.org,001-567-683-7770x1436,2025-01-16,Heard Island and McDonald Islands,Enterprise,4388.02,Inactive
CUST-1321,Diana Reeves,katelyn65@example.com,+1-496-278-4271x14773,2022-03-21,Austria,Pro,$3132.04,Inactive
CUST-1233,   danielle williams  #,ihansen@example.net,439.928.5574x9821,2023-03-15,Estonia,Enterprise,2170.47,Inactive
CUST-1798,Melinda Stevenson,kristine33@example.net,001-715-962-4152,2022-08-12,Western Sahara,Pro,3781.1,Inactive
CUST-1461,Diana Davis,huntercruz@example.com,967.569.5236x6878,2023-08-24,Mozambique,Pro,1596.99,Inactive
CUST-1124,   laura lloyd  #,michaelgonzalez@example.org,978-459-6969x155,2025-10-16,Romania,Enterprise,2167.05,Active
CUST-1832,Brittany Washington,washingtonashley@example.org,625.362.3899,2026-09-14,Kiribati,Pro,447.24,Pending
CUST-1239,   steve smith  #,jasonedwards@example.net,488-689-9210x752,2023-07-23,Myanmar,Enterprise,2632.65,Pending
CUST-1776,John Estrada,ricklewis@example.net,(391)601-5709x085,2023-02-25,Cocos (Keeling) Islands,Pro,3270.17,Inactive
CUST-1204,Mitchell Wilson,robertrivera@example.org,477.439.2603x0299,2024-11-14,Armenia,Entrp,4494.17,Inactive
CUST-1614,Kelly Ray,kathleen25@example.com,(429)806-0320x203,2023-05-03,Montserrat,Enterprise,916.69,Pending
CUST-1192,Tina Meyer,robertherrera@example.org,(233)355-5439x878,2025-01-25,Kiribati,Pro,433.54,Inactive
CUST-1833,Andrea Carson,frederick62@example.org,870.287.8211,2025-12-05,Panama,Enterprise,$708.3,Inactive
CUST-1017,Vanessa Cochran,vjohnson@example.com,(534)221-6073x37543,2025-01-08,Iran,Enterprise,1001.83,Active
CUST-1096,Stacy Anderson,,727-342-0549x32966,2023-09-23,Bhutan,Enterprise,829.29,Pending
CUST-1109,Julia Oconnor,gary87@example.org,+1-508-301-0062,2025-04-04,Algeria,Enterprise,$1362.74,Inactive
CUST-1337,Curtis Torres,rodriguezjohn@example.net,001-329-865-7724x29543,2023-07-24,India,Pro,4674.53,Pending
CUST-1996,Adam Payne,kbenson@example.org,(300)795-3662,2022-09-15,Mayotte,Enterprise,269.27,Pending
CUST-1812,ANGELA TURNER!!!,joeljackson@example.net,(939)983-5844x617,2022-10-25,Sri Lanka,Enterprise,2261.4,Pending
CUST-1161,Jeremiah Baker,anne21@example.org,+1-558-969-3806x86879,2023-03-21,Indonesia,Enterprise,4704.8,Pending
CUST-1241,Felicia Hobbs,hbutler@example.org,001-590-460-4805x8925,2021-12-22,Saint Martin,Pro,2351.13,Pending
CUST-1569,James Flowers,jennifer95@example.com,+1-464-403-8166x49690,2026-05-03,Turks and Caicos Islands,Pro,3398.0,Active
CUST-1992,Terri Bailey,lcosta@example.net,(462)554-2041,2026-03-13,New Zealand,Enterprise,4482.73,Pending
CUST-1372,Micheal Evans,floresrobert@example.com,861-303-3993x788,2023-01-25,Ghana,Enterprise,758.43,Inactive
CUST-1106,Sarah Davis,brettbennett@example.net,+1-501-539-8373x540,2026-07-14,British Indian Ocean Territory (Chagos Archipelago),Pro,1615.08,Active
CUST-1784,Kelly Wiggins,omay@example.org,6538440777,2022-07-14,Rwanda,Pro,2861.41,Active
CUST-1871,Richard Martinez,davidkane@example.com,6902016356,2024-01-08,Croatia,Basic,4033.02,Pending
CUST-1724,Andrew Smith,kristineprince@example.com,449-349-8194,2024-01-13,Timor-Leste,Basic,3032.19,Inactive
CUST-1169,Michelle Fletcher,rodney65@example.com,637-648-9691x085,2025-02-22,Liberia,basc,3311.31,Inactive
CUST-1879,Tammy Bush,nward@example.com,(715)762-3920x908,2022-04-04,Lithuania,Enterprise,1641.99,Inactive
CUST-1200,Monica Mcclain,hessbeth@example.net,808.548.8725,2026-03-07,Namibia,Entrp,146.68,Pending
CUST-1975,Christopher Wallace,ricky35@example.net,878.901.8915,2022-08-30,Fiji,Pro,4845.19,Inactive
CUST-1953,Leon Davila,barbara81@example.net,(883)818-0036,2021-10-29,Portugal,Basic,705.91,Active
CUST-1050,Erin Bishop,reidsteven@example.net,861-920-0471x1382,30/07/2023,Zambia,Enterprise,2562.93,Active
CUST-1238,Mrs. Heather Edwards DVM,megan66@example.net,293-698-3684x57760,2024-09-13,Maldives,Enterprise,807.31,Active
CUST-1453,Diana Anderson,dayjohn@example.org,+1-610-459-5518,2023-10-07,New Zealand,Enterprise,2676.26,Inactive
CUST-1324,Mr. Michael Keller,kalvarez@example.net,7642796954,2021-11-11,Aruba,PRO_tier,2218.67,Pending
CUST-1516,Caitlin Davis,portererin@example.com,001-933-712-6610x94101,2024-10-03,Tajikistan,Basic,428.08,Pending
CUST-1463,Kristen Velazquez,osanchez@example.org,001-421-226-0650x1917,2022-06-16,Cambodia,Pro,382.31,Active
CUST-1739,JONATHAN RODGERS!!!,sjohnson@example.com,(312)689-9151,2025-07-25,Ghana,Basic,2938.44,Active
CUST-1080,Chad Jones,rachelwallace@example.org,+1-555-418-8442x25831,2022-11-27,Lithuania,Basic,998.37,Pending
CUST-1690,Julie Morris,arobinson@example.org,9296087182,2025-03-17,Iceland,Basic,2515.29,Pending
CUST-1775,Heather Roth,ryanrodriguez@example.net,268.929.3844x0134,2025-08-16,Guam,Pro,3281.82,Inactive
CUST-1799,Christopher Johnston,oshah@example.net,858.795.1381,2023-07-21,Zambia,Pro,2933.18,Pending
CUST-1166,JOHN BLACK!!!,lori82@example.org,986-228-9023x3030,2026-04-25,Romania,Enterprise,1645.13,Inactive
CUST-1586,Timothy Morse,david10@example.org,001-377-739-7327,2026-01-31,United States of America,PRO_tier,$1217.1,Active
CUST-1131,Jaime Jones,powellkara@example.net,(577)859-0175x186,2025-11-05,Lithuania,Pro,3911.58,Inactive
CUST-1887,Angel Lewis,iedwards@example.com,(441)478-4290,2022-10-25,Cyprus,Enterprise,772.32,Inactive
CUST-1694,Cody Gonzalez,angela71@example.net,(696)418-0332,2025-06-16,India,Entrp,346.57,Inactive
CUST-1361,TERRI MILLER!!!,richard26@example.org,(202)690-8466x8455,2026-03-23,New Zealand,Basic,3174.25,Inactive
CUST-1016,Brittany Johnson,brandi26@example.org,8454053315,2026-05-09,Dominica,Enterprise,4432.99,Inactive
CUST-1927,Daniel Evans,castanedachristina@example.net,+1-789-659-6546x634,2026-02-05,Western Sahara,Enterprise,2403.73,Active
CUST-1666,Jonathan Moore,jeremy79@example.net,466.527.0511x5794,2024-04-25,Lithuania,Pro,$2363.66,Pending
CUST-1127,Jennifer Vasquez,fburns@example.net,9349043842,2024-06-21,Bouvet Island (Bouvetoya),Enterprise,2785.0,Inactive
CUST-1511,Sarah Turner,jennifer07@example.net,001-331-910-2918x133,2021-11-05,Madagascar,Pro,4168.53,Inactive
CUST-1325,Jacob Pacheco,hubbardcolleen@example.com,565-656-5033,2024-09-07,United States Minor Outlying Islands,Pro,651.06,Pending
CUST-1679,Christine Arroyo,dcortez@example.com,+1-227-278-9431x910,2026-01-04,Yemen,Pro,4237.37,Inactive
CUST-1766,Dylan Marks,richardperez@example.net,(658)624-3017x646,15/04/2024,Suriname,Basic,$1050.24,Pending
CUST-1510,   julia brown  #,nelsonvalerie@example.org,491-949-7501x98038,2022-05-28,Ukraine,Basic,4016.54,Pending
CUST-1732,Rebecca Bowman,kayla07@example.net,488.541.3685,2021-10-16,Japan,Enterprise,$2474.74,Pending
CUST-1594,Steven Mills,clarkjohn@example.net,571.380.5137x1717,2024-06-07,Cuba,Basic,$2766.58,Pending
CUST-1572,Fernando Mcconnell,smejia@example.net,001-569-768-1579x0392,2023-07-14,Macao,Pro,4829.7,Inactive
CUST-1083,Denise Weber,shawgary@example.net,(229)695-9001,2024-12-23,Seychelles,Pro,4049.71,Pending
CUST-1455,Mark Garrison,omoore@example.net,001-965-427-1727x2239,2024-12-17,Angola,Enterprise,616.35,Pending
CUST-1093,   jamie baird  #,stephanie24@example.org,315-574-7338x4842,2022-12-07,Paraguay,Basic,2916.94,Pending
CUST-1637,Amanda Williams,aguirrelarry@example.com,452-798-2173,2026-05-31,Vanuatu,Enterprise,4901.14,Active
CUST-1881,Cassandra Schultz,xlove@example.org,441-820-1227x59500,2025-07-09,Reunion,Pro,1576.69,Inactive
CUST-1280,Dr. Scott Cooper,,466.937.2395x0410,19/09/2023,Gabon,Basic,636.34,Inactive
CUST-1922,   lance townsend  #,samuelprice@example.org,659.588.9786x533,19/04/2022,Bermuda,Enterprise,96.78,Active
CUST-1740,Catherine Lewis,,001-381-789-8484x16046,2023-01-25,Austria,Enterprise,3163.67,Pending
CUST-1405,Christopher Klein,scottwilliams@example.net,516.347.0900x63353,2021-10-20,Antarctica (the territory South of 60 deg S),Enterprise,1347.7,Inactive
CUST-1331,Ronald Marshall,chenderson@example.org,(942)204-4820,2021-12-31,Ukraine,Enterprise,1494.71,Pending
CUST-1090,LAUREN ROBLES!!!,carlsonjoseph@example.net,001-399-530-9728x96230,2021-10-25,Germany,Pro,2143.89,Pending
CUST-1680,AARON WALLACE!!!,coltonrichardson@example.net,365.614.6040,2022-06-07,Korea,Basic,3193.53,Pending
CUST-1624,Michael Mckee,tochoa@example.net,2575798066,2024-07-22,Anguilla,Pro,2212.91,Inactive
CUST-1037,Samantha Morse,smartinez@example.com,001-664-288-7719x065,2022-03-06,Peru,Pro,$1135.64,Active
CUST-1287,Zachary Holland,amanda51@example.com,001-943-528-0634x61571,2022-06-03,Congo,Enterprise,1094.57,Pending
CUST-1780,Marie Roach,dianehoffman@example.org,805-761-2996x5082,2024-06-11,Cameroon,Basic,2118.53,Active
CUST-1393,CHRISTOPHER KIRBY!!!,andrea21@example.com,985.839.0789x567,2023-10-08,Spain,Basic,496.16,Inactive
CUST-1734,Sarah Smith,camerontownsend@example.com,(317)951-8878,2025-01-23,Fiji,Pro,1689.64,Active
CUST-1408,Raven Nielsen,johnathandavis@example.com,+1-862-552-5715x0997,2024-03-28,Romania,Enterprise,4426.96,Pending
CUST-1285,James Brewer,thomaskayla@example.org,+1-917-441-0119x470,2024-12-26,Afghanistan,Enterprise,3124.09,Pending
CUST-1352,Shannon Clark,debragraham@example.net,+1-331-447-2760,2026-03-27,Saint Vincent and the Grenadines,Basic,2653.46,Inactive
CUST-1607,Daniel Turner,oritter@example.org,001-850-527-1607x36077,2022-10-01,Hong Kong,Enterprise,150.65,Inactive
CUST-1965,Ashley Bailey,alexisschaefer@example.com,(700)503-0566x199,2021-10-22,Zambia,Pro,1533.77,Active
CUST-1756,Latoya Mckay,yjackson@example.com,354-393-0364x687,2025-09-15,Brunei Darussalam,Basic,4710.35,Inactive
CUST-1704,Daniel Shaffer,nharris@example.org,(819)594-7113,2022-12-07,New Zealand,Pro,4672.07,Pending
CUST-1345,Thomas Sanchez,vrhodes@example.org,616-259-1520x1777,15/05/2023,Aruba,Enterprise,1945.71,Inactive
CUST-1046,Adam Ballard,erica21@example.com,(894)764-7436x713,2024-08-06,Reunion,Pro,832.88,Active
CUST-1646,   keith fry  #,michele42@example.com,730.966.2481x323,2021-11-06,Kazakhstan,Pro,4746.68,Inactive
CUST-1279,John Martinez,yorkjoshua@example.org,+1-444-640-1929x275,2025-08-20,Dominica,Enterprise,4748.17,Active
CUST-1263,Julia Olsen,conleykevin@example.net,+1-858-480-3955x12405,2024-07-30,Iceland,Enterprise,966.49,Active
CUST-1564,Craig Wagner,cynthiawilkinson@example.org,348-451-5791x9711,2025-05-15,Colombia,Entrp,236.85,Inactive
CUST-1281,Travis Nielsen,noahthornton@example.com,728-860-4765x801,2024-10-10,Pakistan,Enterprise,3000.83,Pending
CUST-1753,Kenneth Smith,sarah78@example.net,(501)290-4322,2025-05-21,Congo,Enterprise,3234.38,Pending
CUST-1026,Susan Vargas,millerroy@example.com,(804)665-3755,2025-06-25,Switzerland,PRO_tier,4948.14,Pending
CUST-1397,OSCAR PORTER!!!,matthew66@example.net,001-868-845-9090x22599,2022-09-29,India,Basic,1322.0,Inactive
CUST-1459,Stephen Carson,vasquezvicki@example.org,245-419-5151,2022-08-12,Marshall Islands,Pro,4145.73,Inactive
CUST-1710,STEPHANIE YOUNG!!!,carriejones@example.org,228-717-8522x823,2025-12-31,Seychelles,Basic,2937.55,Active
CUST-1603,Bryan Jenkins,zshaffer@example.org,708.350.9608x58749,2025-05-24,Mongolia,Entrp,2112.01,Pending
CUST-1509,Thomas Johnson,idavis@example.net,839-285-2989x4062,2024-01-14,Serbia,Pro,153.24,Inactive
CUST-1289,Amanda Thomas,ruizsamantha@example.org,420.320.4179,2025-10-24,Botswana,Enterprise,421.57,Active
CUST-1023,Robert Contreras,stephanie79@example.net,968.372.7743x48734,2025-04-16,Dominica,Enterprise,3257.78,Pending
CUST-1504,Brian Hill,harcher@example.org,755-369-6443x098,2023-11-21,Korea,Pro,406.77,Pending
CUST-1448,Michelle Wright,whiteaaron@example.net,001-753-647-4916x2475,2022-04-12,Paraguay,Pro,3576.39,Inactive
CUST-1592,Danny Clark,joshuastrickland@example.org,+1-335-777-9083x3506,2024-04-05,Faroe Islands,Pro,2270.58,Active
CUST-1398,James Wells,ashley74@example.org,(518)320-9702,2026-04-13,Hungary,Pro,3745.47,Inactive
CUST-1913,Jessica Lyons,patriciamorrison@example.org,8458735323,2022-02-27,Guernsey,Basic,1242.8,Pending
CUST-1394,Mr. Alexander Alexander III,howardchristopher@example.net,781.643.1115x08353,2023-03-28,Suriname,Pro,3750.03,Active
CUST-1615,Dr. Cody Kane,nhayes@example.com,+1-948-971-4855x245,2025-01-14,Paraguay,Pro,4905.05,Inactive
CUST-1002,Edward Fuller,barbara10@example.net,441.731.6475,2023-07-02,Paraguay,Enterprise,557.35,Pending
CUST-1379,Sergio Carroll,mjackson@example.net,001-699-592-1921x2493,2025-12-17,Angola,Basic,4996.9,Inactive
CUST-1654,Emily Conway,talvarez@example.org,941-682-2261x8962,2025-03-04,United Kingdom,Pro,3485.2,Inactive
CUST-1226,Joseph Chang,mauriceharrison@example.org,001-577-840-6493x085,2026-02-18,Jordan,Pro,585.09,Active
CUST-1406,Gabrielle Lee DDS,susandavis@example.net,(520)568-1558,2026-05-25,Indonesia,Enterprise,4704.44,Active
CUST-1822,Timothy Dunn,paul23@example.org,912-502-7061x592,2024-07-05,Fiji,PRO_tier,3380.2,Inactive
CUST-1164,Sharon Beard,pbaker@example.com,001-897-202-4629,2023-09-14,Turkmenistan,Basic,1554.18,Active
CUST-1062,Erik Patterson,amckinney@example.com,860-352-9751,2022-12-09,Namibia,Enterprise,3464.84,Pending
CUST-1831,Lee Johnson,deborah97@example.com,+1-687-331-3797x166,2023-10-11,Hong Kong,PRO_tier,2270.26,Inactive
CUST-1902,Lisa Singh,,919-496-4338x5324,2026-03-03,Papua New Guinea,Basic,386.44,Active
CUST-1824,Susan Sullivan,xelliott@example.net,856.449.1579x554,2026-06-14,El Salvador,Basic,3741.73,Pending
CUST-1040,Derek Anderson,samuel71@example.org,+1-393-424-8086x1317,2024-03-19,Saint Barthelemy,Enterprise,2139.69,Active
CUST-1861,   mariah vargas  #,adrienneallen@example.org,(418)270-6293,2025-04-13,Moldova,Enterprise,2393.92,Active
CUST-1730,AMANDA MAYNARD!!!,amber70@example.com,906-691-7679x93593,23/03/2023,Pakistan,Enterprise,4220.88,Pending
CUST-1229,Crystal Hernandez,arobinson@example.com,457.505.1204x6187,2026-03-15,El Salvador,Basic,2980.88,Pending
CUST-1218,Jennifer Parks,stephenmartinez@example.net,450.603.6915x594,2022-11-28,Latvia,Pro,1159.9,Active
CUST-1524,   stephanie bell  #,samuel03@example.org,590-236-8900,2022-02-07,Brunei Darussalam,Enterprise,$2272.08,Pending
CUST-1821,Alan Morrow,jackierichardson@example.com,001-561-903-9952x9701,25/04/2022,Falkland Islands (Malvinas),Pro,2841.36,Pending
CUST-1355,Michael Smith,jessica75@example.com,883.895.9724,2025-11-21,Peru,PRO_tier,3918.55,Inactive
CUST-1103,Kyle Warner,sanchezbradley@example.com,783.702.8439,2022-11-27,Turkey,Pro,1061.08,Pending
CUST-1236,John Preston,mcdonalddanielle@example.com,+1-665-309-4801,2026-06-12,Maldives,Basic,2195.94,Inactive
CUST-1709,Michael Williams,foxjonathan@example.org,226-442-3642x8131,2023-03-01,Latvia,Enterprise,2313.29,Active
CUST-1561,Alexandra Ramos,adamcollins@example.org,(648)209-4047x604,31/07/2026,Swaziland,Pro,1000.43,Active
CUST-1735,Heather Davis,paullopez@example.com,001-709-211-2252x8837,2023-06-04,Iceland,Pro,2939.33,Pending
CUST-1668,Daniel Nguyen,reneeorr@example.net,548.559.5325x9399,2024-03-01,Latvia,Basic,1580.99,Pending
CUST-1982,Rodney Brooks,julie80@example.net,305.232.6011x939,2022-12-19,Togo,Basic,4767.37,Inactive
CUST-1391,Chelsea Nichols,markbrown@example.com,(489)873-1791,2025-06-24,Oman,Enterprise,245.14,Inactive
CUST-1416,Dawn Guzman,alexanderwise@example.net,001-866-691-8362x644,23/05/2025,Sao Tome and Principe,Enterprise,4749.43,Pending
CUST-1451,Kathy Johnson,heather24@example.org,001-903-867-8812,2024-07-14,Iceland,Pro,3140.37,Pending
CUST-1058,Donald Perez,xbruce@example.net,+1-480-494-0244x550,2024-07-21,Iran,Enterprise,3840.88,Active
CUST-1470,Kathleen Ballard,katiecollins@example.org,317.452.4214x9551,2025-04-11,Kuwait,Basic,4843.57,Pending
CUST-1718,Cory Lloyd,ronaldcarroll@example.org,4129047137,2022-04-17,Paraguay,Enterprise,1478.58,Inactive
CUST-1939,Mary Anderson,ibarrabrian@example.net,(648)271-7754x61992,2023-08-27,Northern Mariana Islands,Pro,315.8,Inactive
CUST-1752,Daniel Peterson,cheryldavis@example.com,+1-783-307-4820x736,2022-03-02,Myanmar,Entrp,3871.35,Pending
CUST-1484,Elizabeth Nichols,jessicaroman@example.com,001-440-641-2091x17911,2023-01-12,Cocos (Keeling) Islands,Basic,504.2,Pending
CUST-1942,Angela Wyatt,ccarter@example.net,792.451.9994,2024-09-17,Saint Pierre and Miquelon,Pro,4846.16,Inactive
CUST-1700,Stephanie Taylor,james58@example.net,737-598-2143x39527,2023-09-06,Saint Barthelemy,Basic,2359.04,Inactive
CUST-1793,Donna Payne,bentondavid@example.org,309-338-6948x42495,2023-02-21,Korea,Pro,4143.6,Pending
CUST-1183,   robert west  #,hwest@example.com,001-501-966-0880x1994,2026-06-23,Haiti,Pro,710.03,Inactive
CUST-1892,Brian Rodriguez,xlewis@example.com,+1-381-895-9772,2024-07-02,Aruba,Enterprise,3290.31,Pending
CUST-1513,Jorge Lyons,,897-854-6617,2022-06-18,Finland,Basic,2206.6,Inactive
CUST-1175,Linda Morgan,matthewvalenzuela@example.com,001-732-260-3323x09821,2023-08-07,Northern Mariana Islands,Pro,2101.48,Pending
CUST-1548,Nathan Lang,deleonmathew@example.com,001-481-708-3583x28634,19/05/2023,Cuba,Pro,1297.38,Pending
CUST-1077,Jeffrey Carney,amymorris@example.org,644-279-6275x70596,2022-02-05,Northern Mariana Islands,Basic,$3383.15,Pending
CUST-1731,Ruth Barnett,ralph08@example.org,6378360601,2021-10-20,Trinidad and Tobago,Pro,2561.21,Pending
CUST-1165,David Reese,penny05@example.com,547-913-2475x4691,2022-10-12,Swaziland,PRO_tier,3939.51,Pending
CUST-1392,Jacqueline Stone,marcbrooks@example.net,877.549.6903x3373,03/04/2023,Tuvalu,Basic,2918.89,Pending
CUST-1283,Douglas Lee,harveybrian@example.net,+1-639-911-1926x92124,2025-01-09,Belarus,Pro,4547.1,Inactive
CUST-1114,Gina Mack,unovak@example.org,+1-647-573-5866x2961,2025-04-15,Belize,Pro,4662.19,Active
CUST-1977,Kevin Willis,norrisdaniel@example.net,+1-385-873-9083x521,2025-01-15,French Guiana,Enterprise,3920.77,Inactive
CUST-1535,Derrick Huff,rhonda53@example.com,775.313.7651,2026-04-19,Palau,basc,2276.18,Pending
CUST-1151,Danielle Mcknight,mayokimberly@example.com,587.259.8564x2059,2026-03-15,Slovakia (Slovak Republic),Basic,1310.88,Pending
CUST-1173,William Edwards,smithjoshua@example.org,001-827-912-9666,2023-08-22,Argentina,Basic,170.91,Active
CUST-1336,Norman House MD,gmcdowell@example.org,001-448-915-6985x700,2025-09-05,Burkina Faso,Basic,1417.42,Inactive
CUST-1520,Ronald Myers,carlos24@example.org,+1-293-389-8469,2024-08-20,Vietnam,Pro,1026.5,Pending
CUST-1284,Tammy Hill,qschwartz@example.com,921-340-6650x442,2024-03-07,Vanuatu,Enterprise,4950.65,Inactive
CUST-1878,Joshua Fritz,patricia88@example.org,+1-242-753-6462,2023-05-24,Kiribati,Basic,2013.33,Active
CUST-1952,Clayton Torres,williamsfrank@example.com,+1-931-947-8911,2022-06-28,Senegal,Pro,2251.44,Inactive
CUST-1005,Janice Carlson,jrice@example.org,+1-318-645-1462x70482,2025-12-06,Madagascar,basc,2551.51,Active
CUST-1035,WANDA TORRES!!!,lynchjody@example.org,+1-934-612-3281x2067,2021-11-19,France,Enterprise,1350.57,Pending
CUST-1503,Stephanie Hampton,rrodriguez@example.net,001-502-363-2570x3965,2022-09-10,Zimbabwe,Basic,2526.3,Pending
CUST-1571,Cody Hodge,pdavis@example.org,+1-985-507-2517x86376,2025-07-16,Bhutan,Pro,1208.31,Active
CUST-1636,Gabriel Torres,,+1-972-483-5129x592,2024-04-04,Suriname,Enterprise,4990.85,Inactive
CUST-1371,Christopher Johnson,,+1-824-422-4124,2022-01-06,Greece,Enterprise,3431.52,Inactive
CUST-1172,SAMUEL RUIZ!!!,kennedyjames@example.org,+1-768-446-0223x56972,2025-08-14,Libyan Arab Jamahiriya,Enterprise,1586.58,Active
CUST-1444,JESSICA TAYLOR!!!,tsmith@example.org,434-502-6650,2026-06-19,Papua New Guinea,Basic,3649.85,Pending
CUST-1882,Angela Rodriguez,michellearias@example.com,+1-594-479-5074x0717,2024-01-16,Mexico,Enterprise,4419.92,Inactive
CUST-1834,Alyssa Pratt,cody81@example.org,(299)689-8972x117,2026-05-13,Malawi,basc,933.44,Pending
CUST-1082,   laurie saunders  #,ryanbartlett@example.org,682-342-2535,2022-12-22,North Macedonia,Pro,2340.01,Active
CUST-1079,Kendra Sanders,john10@example.net,(578)668-1447,2025-03-11,Liechtenstein,Pro,4012.93,Active
CUST-1542,Thomas Moran,wallaceryan@example.com,424-715-1315,2023-02-07,Norfolk Island,Enterprise,3068.54,Inactive
CUST-1209,Joshua Cunningham,victoria63@example.com,+1-687-725-8874,2025-08-05,Indonesia,Entrp,2693.91,Inactive
CUST-1071,Jeffrey Potts,lisawilkerson@example.org,(406)485-3615x30515,2021-11-29,United States Virgin Islands,Pro,3361.44,Active
CUST-1414,Jonathan Swanson,asullivan@example.com,001-556-874-9160x1692,2026-07-05,Sierra Leone,Basic,1212.26,Pending
CUST-1905,Bob Cooper,andrew09@example.com,+1-848-815-2692x559,2023-03-26,Kiribati,Enterprise,4672.82,Inactive
CUST-1457,Charles Burton,sparksalbert@example.org,+1-651-732-7972,2024-02-12,Ecuador,Enterprise,4334.19,Inactive
CUST-1836,Amy Johnson,barnesluke@example.net,323-369-1496,2026-05-24,Malawi,Basic,4182.37,Active
CUST-1995,Jon Evans,jacobsmith@example.net,+1-832-361-1890x0346,2025-02-28,Cuba,Enterprise,1807.29,Pending
CUST-1487,Teresa Adams,fgonzalez@example.com,001-684-877-6863x423,2022-03-27,South Africa,Enterprise,1655.7,Pending
CUST-1931,   sarah james  #,hernandezcheryl@example.net,7028512137,2026-01-17,Marshall Islands,Basic,4809.27,Pending
CUST-1099,Angela Griffin,christian91@example.org,+1-983-398-2258,2025-02-14,Saint Barthelemy,Pro,643.44,Pending
CUST-1872,Diana Lin,wesleycalhoun@example.net,440-801-7882x24731,2022-01-31,Western Sahara,Enterprise,3373.68,Active
CUST-1269,Julie Bryant,oruiz@example.org,+1-345-762-5577x017,2024-02-12,Tanzania,Enterprise,676.59,Active
CUST-1667,Jennifer Smith,crystal54@example.net,+1-969-319-2845x525,2021-10-23,Heard Island and McDonald Islands,Basic,3079.14,Active
CUST-1525,Douglas Edwards,whitneyanderson@example.com,611.514.8375x3745,2024-05-10,Ethiopia,Enterprise,3194.73,Pending
CUST-1860,Amy Kaiser,timothy27@example.org,472-646-3019x864,2022-05-20,Costa Rica,basc,1534.45,Active
CUST-1705,CHRISTOPHER ROBINSON!!!,smithemily@example.com,001-996-973-3116,2022-06-22,Tuvalu,Pro,$989.68,Active
CUST-1933,Krista Williams,kennethwhite@example.com,(620)833-4742,2022-10-05,Botswana,Pro,4647.93,Inactive
CUST-1670,Amy Wright,murphymallory@example.com,+1-524-357-5983,2023-03-15,Bahamas,Pro,4125.53,Active
CUST-1215,Mark Gamble,laurengutierrez@example.com,780.543.4165x18275,2026-03-12,Ethiopia,Pro,3772.45,Inactive
CUST-1736,Jessica Aguirre,mlewis@example.net,+1-279-913-7876x5530,2022-08-30,Montserrat,Enterprise,3164.84,Pending
CUST-1317,Charles Francis,stacy55@example.org,293.389.1190x83342,2026-05-06,Uruguay,PRO_tier,1299.37,Active
CUST-1618,Kiara Brooks,beckercynthia@example.net,628.896.3406,2026-03-25,Italy,Basic,1502.54,Active
CUST-1381,Aaron Lee,beardlindsey@example.net,361.233.2541,2024-02-14,Sri Lanka,Pro,2895.32,Pending
CUST-1801,Felicia Young,millermichael@example.com,515-847-1553x1325,2024-02-07,Tanzania,Enterprise,1219.7,Pending
CUST-1574,Amanda Mullen,zwhite@example.net,917.215.1602x52986,2024-02-26,Paraguay,Pro,2335.32,Inactive
CUST-1324,Mr. Michael Keller,kalvarez@example.net,7642796954,2021-11-11,Aruba,PRO_tier,2218.67,Pending
CUST-1191,Beverly Silva,adam72@example.org,(759)309-4798,2025-08-23,Ghana,Pro,3152.4,Inactive
CUST-1644,Michael Arias,smitchell@example.com,001-541-416-3187,2024-04-24,Argentina,Pro,1945.13,Pending
CUST-1733,Matthew Potts,garciasarah@example.net,624-346-2632x514,2022-02-07,Cape Verde,Pro,2400.72,Active
CUST-1533,Rodney Perry,jliu@example.org,495-256-5749x02504,2022-04-03,Croatia,Enterprise,2990.7,Inactive
CUST-1081,Julian Wood,cherylmiller@example.com,(778)466-9125x1778,2026-02-11,Slovakia (Slovak Republic),Pro,743.9,Active
CUST-1889,Lisa Smith,susan75@example.net,+1-887-659-2129,2022-07-23,Aruba,Enterprise,2117.01,Active
CUST-1742,Nicholas Martinez,veronicasmith@example.net,693-778-3063x963,2022-05-27,Nauru,Basic,206.27,Pending
CUST-1677,Natasha Campbell,william23@example.net,853-554-6147x079,2022-08-24,Armenia,Basic,851.74,Pending
CUST-1496,Shannon Hodges,jeanette28@example.org,(535)367-9836,2023-02-10,Chad,Enterprise,3352.31,Active
CUST-1374,Walter Brooks,kimberlymedina@example.com,+1-270-907-9420,2023-02-02,El Salvador,Enterprise,96.52,Inactive
CUST-1105,Joshua Allen,kevinzimmerman@example.com,6865688263,2023-05-17,Belgium,Basic,$3374.87,Inactive
CUST-1717,Amanda Maxwell,lutzeric@example.com,674-222-3196x46300,2026-06-29,Congo,Enterprise,2830.99,Inactive
CUST-1935,Dennis Chaney,jared50@example.org,885.802.2894,2023-06-01,Kiribati,Pro,3401.32,Pending
CUST-1538,Leslie Jensen,jonessamantha@example.com,(776)947-2298x12099,2023-08-15,Kazakhstan,Pro,562.33,Inactive
CUST-1788,SEAN CARTER!!!,dudleycody@example.com,903-473-4167x8127,2026-04-20,Belarus,Basic,1686.89,Pending
CUST-1621,Calvin Paul,,340-364-1769x27438,2026-09-17,Netherlands,Pro,1303.9,Pending
CUST-1852,Veronica Smith,zchapman@example.com,001-678-923-1299x570,2022-05-25,Saint Barthelemy,Pro,4387.48,Pending
CUST-1469,   nathan wilkerson  #,kaylamartin@example.net,598.357.2545x96063,2026-07-07,Montenegro,Pro,4347.06,Pending
CUST-1182,Mr. Martin Hernandez,smithsarah@example.net,872.817.5354x0838,2025-10-22,Belgium,Basic,4591.48,Active
CUST-1521,Deborah Johnson,,(238)750-3719,2026-08-18,Zambia,Basic,3813.07,Pending
CUST-1460,   christopher coleman  #,colleen45@example.org,975-341-0225x267,2022-04-15,Japan,Pro,3661.58,Inactive
CUST-1492,Miranda Hill,richard85@example.com,+1-206-247-7159x103,2022-06-01,Gibraltar,Entrp,2238.12,Inactive
CUST-1088,Samantha Hanson,andersoncolin@example.com,985-923-9868x00025,2022-06-20,Uganda,Basic,1925.92,Inactive
CUST-1222,Christopher Morton,robert99@example.com,812-653-5544,2026-02-28,Slovakia (Slovak Republic),Pro,3363.82,Pending
CUST-1533,Rodney Perry,jliu@example.org,495-256-5749x02504,2022-04-03,Croatia,Enterprise,2990.7,Inactive
CUST-1638,Sandra Bowers,barnettcameron@example.org,(323)773-6050x791,13/04/2026,Mongolia,Basic,3372.36,Inactive
CUST-1205,Bridget Jackson,zacharysullivan@example.net,+1-404-413-7977x2369,2024-11-02,Malawi,Basic,$1401.03,Inactive
CUST-1156,Laura Rosales,whitelucas@example.net,791.472.5135,2024-11-26,Benin,PRO_tier,3134.62,Pending
CUST-1150,Terry Hill,cstephenson@example.net,+1-493-847-6870x146,2022-09-20,Turks and Caicos Islands,Basic,$1956.72,Pending
CUST-1340,Jason Thomas,theresa39@example.com,859.571.0725,2025-04-16,Russian Federation,Enterprise,4994.57,Inactive
CUST-1862,Carol Martinez,smithjerry@example.org,2189676610,2025-04-19,British Virgin Islands,Pro,4294.83,Active
CUST-1547,James Gaines,todd35@example.net,3477639283,2022-05-15,Mauritius,Basic,2811.92,Inactive
CUST-1102,Sandy Avila,steven86@example.net,(533)575-2431x0690,2022-01-21,Nepal,Enterprise,2847.87,Inactive
CUST-1278,Laura Rivera,susan44@example.org,2946940792,2025-10-07,Nigeria,Enterprise,315.36,Active
CUST-1059,Patrick Bonilla,,252.354.5991x022,2023-01-31,Panama,Enterprise,2402.65,Pending
CUST-1311,Tyler Flowers,qmartinez@example.com,(827)630-1471x95979,2024-11-11,Lebanon,Pro,3192.18,Inactive
CUST-1761,Brittany Holloway,,708.767.0090x0436,2022-03-02,Saint Kitts and Nevis,Enterprise,2738.79,Inactive
CUST-1129,Cynthia Cochran,michelle96@example.org,+1-723-630-9584x982,2023-03-03,Ethiopia,Basic,4499.68,Active
CUST-1198,Craig Carpenter,,+1-713-757-7594x929,2026-07-08,Chile,Pro,358.22,Inactive
CUST-1655,Brian Dougherty,cdavis@example.org,(276)972-0957x9927,2026-06-16,Montenegro,basc,657.06,Active
CUST-1705,CHRISTOPHER ROBINSON!!!,smithemily@example.com,001-996-973-3116,2022-06-22,Tuvalu,Pro,$989.68,Active
CUST-1073,Mark Dean,rodriguezrebecca@example.net,+1-708-593-2460,2024-07-29,Colombia,Enterprise,2389.72,Inactive
CUST-1589,Michael Ellis,wgoodwin@example.com,247-557-4949x02284,2026-02-15,Mongolia,Pro,3967.33,Active
CUST-1794,Katie Rivers,dominguezscott@example.com,(438)267-6738,2026-05-24,Korea,Pro,479.35,Pending
CUST-1645,Brian Perez,wlopez@example.net,236-595-7279,2025-07-26,Saint Kitts and Nevis,Basic,3045.22,Pending
CUST-1938,Todd Thompson,,223.303.4202x8471,2023-12-29,Central African Republic,Entrp,438.22,Pending
CUST-1919,Christopher Sims,richardsonronnie@example.net,811-595-5640x919,2024-09-04,Korea,Entrp,4958.79,Pending
CUST-1396,Sharon Perez,thomasblack@example.net,001-777-451-5366x37780,2024-08-11,Brunei Darussalam,Pro,2677.72,Inactive
CUST-1297,Danielle Murphy,patriciavargas@example.org,001-806-900-7806,2025-10-09,Qatar,Enterprise,787.5,Inactive
CUST-1890,Ryan Barnes,lauradyer@example.org,255.982.1477x092,2022-04-18,Spain,Basic,1682.83,Inactive
CUST-1936,Monica Molina,jamesanderson@example.org,+1-230-520-2569x133,2021-10-31,Congo,Pro,1950.04,Pending
CUST-1754,Christina Phillips,stanleyjeremiah@example.org,9138546212,2021-10-04,Holy See (Vatican City State),Pro,3069.88,Active
CUST-1171,Joseph Glover,william28@example.org,817-724-8251x3534,2023-08-01,Myanmar,Pro,512.27,Active
CUST-1255,Sonya Davis,heather21@example.org,875-818-6892,2021-12-10,Chile,Basic,1506.47,Inactive
CUST-1906,Scott Allen,rberg@example.org,259.614.2614,22/12/2024,Myanmar,Enterprise,2464.88,Active
CUST-1476,Craig Mcmahon,salvarez@example.org,001-465-796-0893x199,2025-01-16,Swaziland,Basic,4045.75,Pending
CUST-1688,Daniel Carey,jonesshaun@example.org,(956)209-4565x34699,2025-02-12,Antigua and Barbuda,Enterprise,$1360.05,Active
CUST-1007,Shane Henderson,sarahcampos@example.net,546.357.8713,2023-05-31,Namibia,Enterprise,2747.46,Active
CUST-1104,Matthew Walker,joshua89@example.net,(868)870-5685,2022-06-20,Honduras,Pro,1231.5,Inactive
CUST-1094,Courtney Hall,gutierrezjennifer@example.org,+1-520-282-6773x45401,2026-04-16,China,Basic,$3752.48,Active
CUST-1829,Kevin Warren,hollyalvarez@example.org,2463661459,2025-09-12,Australia,Basic,3840.85,Pending
CUST-1703,Jenny Williams,smithmatthew@example.net,001-544-463-3399x9485,2021-11-01,Myanmar,Enterprise,2119.77,Active
CUST-1473,Hannah Mcdonald,lrodriguez@example.net,966-536-5155,2025-03-27,Lebanon,Pro,1160.01,Active
CUST-1727,Melissa Riley,hgraham@example.net,+1-289-643-7052x63510,2023-09-02,Suriname,Enterprise,2312.09,Pending
CUST-1808,Nancy Lee,martinezcatherine@example.net,5498106018,2023-01-13,Cayman Islands,Pro,2108.44,Pending
CUST-1012,Cody Larson,richarddavid@example.net,799.609.1699,2022-09-29,Saint Barthelemy,Pro,4245.1,Pending
CUST-1928,Nichole Parker,kristen49@example.org,(699)893-9344x9743,2023-01-15,Malta,Basic,3437.92,Inactive
CUST-1257,Jonathan Jimenez,franklintrevor@example.org,001-577-667-1990,2024-10-27,Moldova,Enterprise,1876.65,Pending
CUST-1611,Susan Baker,anthony05@example.org,702.560.8698x2210,2022-03-08,Bahrain,Enterprise,3159.87,Pending
CUST-1806,Wendy Wilson,miranda13@example.org,857-808-3682x14448,2024-08-27,Saint Barthelemy,Basic,4788.93,Inactive
CUST-1875,Michael Travis,wileyaudrey@example.com,+1-554-832-9876,2023-06-12,Nepal,Basic,4688.94,Pending
CUST-1780,Marie Roach,dianehoffman@example.org,805-761-2996x5082,2024-06-11,Cameroon,Basic,2118.53,Active
CUST-1260,Veronica Rice,webbhaley@example.net,969-954-8995x2997,2025-10-06,Turks and Caicos Islands,Pro,1391.04,Inactive
CUST-1246,Amanda Jackson,james94@example.org,301.764.5104x636,2024-02-23,Nepal,Basic,2496.82,Inactive
CUST-1068,Christopher Lewis,ilee@example.org,441-888-8059,2022-06-29,Cocos (Keeling) Islands,Basic,401.42,Pending
CUST-1307,Alexander Williamson,seandavis@example.org,+1-839-583-4301x871,2024-03-05,Netherlands,Enterprise,4756.39,Pending
CUST-1845,James Baker,ijensen@example.net,696.398.7486,2023-05-12,Namibia,Enterprise,3531.27,Active
CUST-1098,Michele Collins,fowlershelia@example.com,+1-533-527-2795x687,2025-02-14,Nepal,Enterprise,386.41,Active
CUST-1142,Nathan Nelson,duncandavid@example.net,6237806174,2022-02-25,Korea,Pro,1674.9,Active
CUST-1271,John Jones,lisagarza@example.com,001-958-732-1971,2024-07-01,Swaziland,basc,3207.45,Inactive
CUST-1208,Susan Miller,ascott@example.net,001-409-881-8063x5651,2024-12-24,El Salvador,Basic,4210.5,Active
CUST-1387,Erin Lane,christina65@example.org,570-573-0337,2024-02-16,Seychelles,Basic,3201.26,Pending
CUST-1153,Melissa Sloan,warnermichael@example.net,001-229-337-8427,2022-01-01,Netherlands,Enterprise,3611.18,Pending
CUST-1823,Kyle Brown,reynoldsmichelle@example.org,(232)524-8155x42034,2022-01-06,Andorra,Enterprise,157.76,Inactive
CUST-1957,Ashley Dudley,ericwagner@example.org,439.921.8835,2025-05-29,Saint Lucia,Enterprise,3010.32,Inactive
CUST-1675,Sheila Perez,newmanangela@example.org,+1-837-200-3322x8556,2024-04-10,French Guiana,Pro,2539.18,Active
CUST-1549,Danielle Smith,,(870)424-4033x0416,2025-10-25,Turkey,Enterprise,4372.73,Inactive
CUST-1190,Priscilla Berg,rhondabush@example.net,(398)893-3472x122,2021-12-04,Fiji,Enterprise,1422.69,Pending
CUST-1003,Timothy Wong,amandasanchez@example.com,(748)535-0305x6413,2024-12-31,Indonesia,Enterprise,480.35,Inactive
CUST-1671,Chloe Lindsey,john66@example.net,3447324006,2024-01-18,United States of America,Basic,4863.28,Pending
CUST-1478,Tristan Bonilla,woodmichael@example.com,381-477-6655x8685,2024-01-07,Holy See (Vatican City State),Enterprise,179.96,Pending
CUST-1328,Laura Vargas,,551.848.4685,2023-09-26,Nigeria,Enterprise,2069.55,Active
CUST-1783,Pamela Gordon,millerjames@example.net,200-916-8094x14915,2023-10-06,Christmas Island,Pro,4389.88,Active
CUST-1625,Erin Carter,upham@example.com,555-753-4705x742,2025-06-05,Sao Tome and Principe,Enterprise,2226.7,Inactive
CUST-1560,Christopher Schultz,jennifer68@example.com,541.886.5205x7563,2023-08-05,Venezuela,Basic,4758.29,Inactive
CUST-1578,Charles Davila,reyestina@example.org,546-260-2416x13944,2023-08-05,Lebanon,Enterprise,2428.92,Inactive
CUST-1880,Emily Johnson,prestoncory@example.org,678-961-9025,2025-02-17,Austria,Pro,2357.94,Pending
CUST-1865,Jennifer Davis,steinphillip@example.com,611-934-0785x1699,2021-12-06,Nicaragua,Enterprise,713.76,Active
CUST-1029,HANNAH PATTERSON!!!,casey50@example.com,916.857.2628x4987,2025-11-07,Nauru,Basic,4117.92,Inactive
CUST-1009,BRANDON HOPKINS!!!,rodney70@example.net,+1-410-665-1333x8726,2024-01-14,Tunisia,Basic,3505.79,Inactive
CUST-1859,Martin Curtis,,+1-878-484-8699,2026-02-23,Serbia,Pro,3496.73,Inactive
CUST-1286,Mary Adams,rebecca90@example.net,001-777-766-1830x671,2025-02-17,Iran,Enterprise,541.21,Active
CUST-1803,Bonnie Woods,michael38@example.net,+1-256-722-5866,2026-01-16,Myanmar,Pro,$3446.06,Pending
CUST-1687,Melissa Travis,,001-330-581-7214x36438,2021-11-02,Antarctica (the territory South of 60 deg S),Basic,275.04,Pending
CUST-1047,WILLIAM BARRETT!!!,alan09@example.net,943.295.3394x2104,2024-08-14,Saint Martin,Enterprise,4385.47,Inactive
CUST-1360,Jonathan Miller,jennifer65@example.net,+1-932-486-3266x67850,2025-07-29,Saint Barthelemy,Enterprise,227.7,Active
CUST-1567,Donna Peterson,christopher34@example.org,840.218.2727x955,02/05/2023,Bosnia and Herzegovina,Entrp,4054.77,Active
CUST-1069,PATRICIA LAMB!!!,jenniferwilliams@example.com,+1-937-994-7383x47359,2025-07-27,Slovakia (Slovak Republic),Basic,1183.26,Active
CUST-1686,Jason Rodriguez,stonebarbara@example.com,+1-823-857-1558,2022-10-26,Guernsey,Enterprise,253.91,Active
CUST-1020,Elizabeth Parker,snguyen@example.com,+1-823-266-2994,2023-03-30,Cote d'Ivoire,Pro,1425.97,Pending
CUST-1759,Gail Johnson MD,rowehannah@example.net,3159291137,2025-08-22,Mauritania,Pro,2824.41,Pending
CUST-1044,Gina Schwartz,christianmelissa@example.net,(357)980-9134x3161,2022-07-21,French Southern Territories,Enterprise,4429.7,Inactive
CUST-1856,Dana Carter,tracyjohnson@example.net,+1-362-817-5080,2026-07-15,Sweden,Enterprise,2164.64,Inactive
CUST-1627,Heather Shaffer,kari25@example.org,439-848-8488,2024-10-24,Belarus,Enterprise,2512.74,Pending
CUST-1033,Christopher Smith,joshuamccann@example.net,627-910-9477x7520,17/04/2022,Bahrain,Enterprise,2321.32,Inactive
CUST-1401,James Aguirre,renee77@example.com,001-401-847-5469,20/12/2022,United Arab Emirates,Entrp,3634.87,Inactive
CUST-1867,Jeffrey Peters,kennedywanda@example.net,+1-979-815-0596x2571,2021-11-02,Nepal,Basic,4615.02,Inactive
CUST-1359,Susan Moore,jean87@example.net,225-552-1376,2025-11-24,Lebanon,Pro,3152.66,Inactive
CUST-1945,Christopher Dalton,rcannon@example.com,895-837-7492,2024-11-23,Cote d'Ivoire,Pro,2187.65,Pending
CUST-1335,Jasmine Browning,qpennington@example.com,634-332-7560,2025-11-02,Wallis and Futuna,Enterprise,$3744.15,Active
CUST-1417,Monica Davis,lisa43@example.net,(440)427-0116x8646,2023-08-06,Romania,Entrp,2124.68,Pending
CUST-1631,Dr. Kimberly Garcia,jenniferrobbins@example.net,+1-937-849-0797,2022-01-17,Chile,Basic,446.34,Pending
CUST-1402,Jessica Cruz,hollydavis@example.net,8323484137,2026-09-13,Belarus,Enterprise,1860.59,Inactive
CUST-1960,Kimberly Gallagher,bailey12@example.com,634.898.9925x539,2024-11-11,Algeria,Enterprise,4530.78,Active
CUST-1498,Heather Lewis,gshaw@example.com,6745510663,2023-09-26,Nepal,Basic,88.05,Inactive
CUST-1181,Allen Cohen,timothyfreeman@example.com,301.845.0899x358,2025-01-11,Egypt,Enterprise,2349.52,Pending
CUST-1648,Abigail Smith,cervanteskayla@example.org,609.881.0796,2023-12-21,San Marino,Basic,2670.83,Inactive
CUST-1220,Brittany Shaffer,roberttaylor@example.net,685.974.4890x61203,2025-12-01,Bhutan,Basic,1036.84,Active
CUST-1656,Gerald Miller,casey29@example.com,+1-862-413-5415x97099,2023-07-20,El Salvador,Pro,904.65,Pending
CUST-1481,Ryan Pope,anunez@example.com,4008258955,2022-12-06,India,Pro,1787.57,Active
CUST-1914,Julie Davis,arnoldstephen@example.net,(269)371-8236,2021-10-16,British Virgin Islands,Enterprise,1299.47,Inactive
CUST-1591,Jordan Berg,kwoods@example.com,+1-929-885-8567x2872,2021-10-17,Yemen,Entrp,4164.0,Pending
CUST-1816,Yolanda Mack,andrespence@example.org,(219)495-1715x2391,2024-12-08,Chad,Basic,864.46,Pending
CUST-1623,Dana Simpson,gwade@example.net,389.396.9860x9191,2026-07-23,Dominican Republic,Enterprise,1693.03,Active
CUST-1152,Robert Ruiz,katie32@example.org,434.480.3965,2022-11-27,Ghana,Pro,58.37,Pending
CUST-1664,Jacqueline Evans,vedwards@example.org,892.905.6775,2026-01-25,Kyrgyz Republic,Basic,1221.84,Inactive
CUST-1608,Belinda Costa,martinjason@example.com,001-395-956-3318x5748,2021-10-20,Hong Kong,Basic,3196.57,Inactive
CUST-1343,Zachary Gallagher,angelalivingston@example.net,803.320.3207x427,2026-09-13,Vanuatu,Pro,2303.96,Inactive
CUST-1240,David Evans,ncarroll@example.net,257-827-9194,2022-02-11,Azerbaijan,Pro,3098.77,Pending
CUST-1145,Jennifer Huang,fvillegas@example.net,482-561-9906,2023-03-07,Thailand,Pro,4699.22,Active
CUST-1563,   scott ramirez  #,dianamclaughlin@example.com,+1-652-395-8066x01382,2022-08-02,Aruba,Enterprise,3865.83,Pending
CUST-1813,David Smith,jose49@example.com,+1-312-479-9702x927,2021-12-31,Egypt,Pro,436.61,Pending
CUST-1725,Mason Graves,crawfordjeffrey@example.com,6658277584,2023-10-24,Venezuela,Enterprise,249.26,Active
CUST-1585,Ms. Monique Dougherty MD,garrettgarrett@example.net,950-796-8832,2025-05-04,Dominican Republic,Pro,313.62,Pending
CUST-1910,Donald Brown,buckleycrystal@example.com,(278)210-5580,2026-04-30,Liberia,Enterprise,4075.13,Pending
CUST-1826,   ann martin  #,stephenszachary@example.net,+1-257-812-9015x07138,2023-12-27,Egypt,Enterprise,365.61,Active
CUST-1330,Paul Cannon,ejenkins@example.net,564.342.4936,2022-06-21,Antarctica (the territory South of 60 deg S),Enterprise,4169.11,Inactive
CUST-1650,JOE PAGE!!!,vanessamartinez@example.net,(736)866-7776x755,2022-05-22,Marshall Islands,Basic,178.27,Active
CUST-1296,Judy Jackson,jeffrey49@example.org,+1-992-698-3168x7397,17/10/2021,Japan,Pro,618.14,Active
CUST-1898,Stephen Jennings,harrisonnicholas@example.net,6293831043,2024-10-27,India,Enterprise,4788.32,Pending
CUST-1057,Robin Hawkins,elizabeth65@example.net,001-360-749-4519x83273,2025-12-13,Heard Island and McDonald Islands,Enterprise,2455.65,Active
CUST-1660,Tracy Welch,,5235121106,2021-12-21,Belgium,Pro,4264.24,Pending
CUST-1027,RUBEN RUIZ!!!,cookemichael@example.net,400-933-0923,2025-01-26,Mongolia,Enterprise,2806.9,Pending
CUST-1400,Beverly Harris,qmeyers@example.com,(599)249-3874,2026-09-05,Kiribati,Basic,3783.05,Active
CUST-1773,Brandon Peck,david86@example.net,2503537666,2022-04-21,Brunei Darussalam,Pro,547.7,Active
CUST-1568,Sheila Smith,valvarez@example.net,925-942-7820,2024-09-09,Puerto Rico,Enterprise,2216.48,Inactive
CUST-1590,Eddie Duffy,ashleytorres@example.net,642.422.9464x303,2024-08-23,Eritrea,Basic,1470.05,Inactive
CUST-1006,Brittany Farmer,georgetracy@example.org,(443)903-9117x182,2026-06-16,Chad,Enterprise,1034.25,Pending
CUST-1295,Angel Richards,zamoradustin@example.net,226.252.7354x352,2023-02-15,Bouvet Island (Bouvetoya),Enterprise,3322.86,Active
CUST-1782,Jennifer Hernandez,melissa40@example.org,(873)300-8696,2026-09-19,Brazil,Pro,972.24,Pending
CUST-1532,TREVOR BRAUN!!!,allen58@example.net,3935511871,2022-09-28,Montserrat,PRO_tier,429.82,Active
CUST-1108,Sean Figueroa,greensarah@example.net,001-664-923-5369x3785,2026-07-22,Norway,Basic,412.64,Active
CUST-1244,Connor Cooper,carrillogary@example.com,+1-279-527-0335x211,2026-06-20,Vanuatu,Basic,3764.86,Pending
CUST-1707,Harry Hill,rachel69@example.com,7938170695,2021-10-28,Jordan,Pro,4401.42,Inactive
CUST-1346,Tiffany Nguyen,,350-218-9616x4236,2025-12-26,Central African Republic,Basic,1624.97,Inactive
CUST-1685,   stacey cook  #,debbie78@example.net,(405)582-9582,2025-11-05,Indonesia,Enterprise,4514.9,Inactive
CUST-1978,Carolyn Phillips,jill88@example.com,+1-797-495-7285x759,2026-06-14,Saint Vincent and the Grenadines,Pro,1437.49,Inactive
CUST-1049,Jennifer Singleton,christopher60@example.com,+1-517-954-9651,2021-11-05,Turks and Caicos Islands,Basic,4359.07,Inactive
CUST-1842,Carla Hoover,jenniferrodriguez@example.org,760.252.3045x8816,2026-04-10,Guyana,Pro,3093.87,Active
CUST-1966,   edward grant  #,margaretirwin@example.net,267-290-8701x8726,2022-04-15,Sao Tome and Principe,Pro,1295.91,Active
CUST-1302,   melissa spence  #,lopeznicole@example.org,462-941-1241,2022-06-22,Costa Rica,Pro,2527.34,Inactive
CUST-1087,Julie Herrera,jordannicole@example.net,(365)806-0983x584,2024-03-30,Serbia,Basic,4330.02,Active
CUST-1465,Jeff Vaughan,qspencer@example.net,543.862.4186x23690,2022-08-22,Samoa,Enterprise,1894.6,Active
CUST-1894,Mary Cowan,garywebster@example.org,5024839482,2025-01-13,Cape Verde,Enterprise,3226.39,Inactive
CUST-1224,Kelly Ferrell,bakereric@example.net,(743)934-7228x2005,2024-01-22,Trinidad and Tobago,Pro,880.56,Pending
CUST-1462,Kelsey Frank,jacquelineyoung@example.org,705.487.2105,2023-03-13,Cambodia,Pro,4770.28,Pending
CUST-1662,Joshua Kaufman,warnercharles@example.org,532-269-4968x43645,2024-12-30,Pitcairn Islands,Basic,3978.8,Pending
CUST-1157,Meagan Daniel,sean43@example.org,001-915-841-0067x626,2023-06-24,Honduras,Basic,3612.78,Inactive
CUST-1351,ALBERT FOSTER!!!,jacksonthomas@example.net,(597)349-9564x1220,2025-10-20,Qatar,Pro,4355.02,Inactive
CUST-1583,Morgan Morales,nbell@example.com,+1-945-951-5888x636,2023-02-26,Uzbekistan,Pro,503.98,Active
CUST-1063,Blake Harrell,jeffrey21@example.net,+1-418-483-5523x1243,2025-07-10,Palau,Pro,2025.01,Pending
CUST-1064,Trevor Burton,wwebster@example.net,299.755.2717x744,2024-04-04,Georgia,Enterprise,1898.43,Pending
CUST-1802,Anne Lindsey,cyork@example.org,+1-342-914-1052x769,2024-07-12,Netherlands,Basic,2353.71,Active
CUST-1573,Lisa Walton,brewerdevin@example.org,4346615626,2023-04-12,Peru,Basic,1870.81,Pending
CUST-1723,Taylor Leon,victoriasmith@example.org,6247559102,2022-03-22,Myanmar,Enterprise,4697.8,Active
CUST-1213,   curtis smith  #,calhounandrea@example.net,+1-895-254-3937,2023-01-11,Ireland,Pro,1670.4,Inactive
CUST-1595,Elizabeth Smith,hcallahan@example.net,739.997.0469x472,2024-04-17,Zambia,Enterprise,2662.47,Active
CUST-1235,Joseph Jones,,531.309.6789x9405,2021-10-14,Uruguay,Basic,4255.4,Inactive
CUST-1557,Brandon Weber,carlfields@example.org,(503)344-6945x964,2024-09-07,Bosnia and Herzegovina,Enterprise,4566.62,Active
CUST-1642,Dylan Strong,tracey63@example.com,(802)229-3946x9434,2023-10-20,Isle of Man,PRO_tier,222.25,Active
CUST-1418,John Shaw,hayeslisa@example.org,402.334.6791,2023-03-10,Honduras,Enterprise,814.89,Inactive
CUST-1593,Kimberly Figueroa,wallerbrian@example.net,333.542.3372x09484,2025-05-22,United States Virgin Islands,Basic,144.07,Active
CUST-1814,Linda Wolf,nhiggins@example.com,001-752-898-8322x012,2025-05-15,Saint Kitts and Nevis,Basic,355.7,Pending
CUST-1309,Jessica Mosley,maryharper@example.org,247.885.1961,2024-12-01,Faroe Islands,Pro,2618.87,Inactive
CUST-1342,JOHNATHAN MORGAN!!!,uanderson@example.net,662.741.5027x45644,2023-11-26,Chad,Pro,1695.58,Pending
CUST-1899,Keith Solis,,305.868.5667x06362,2023-07-14,Bahamas,Basic,4203.39,Active
CUST-1167,Jacob Marshall,hreid@example.net,7357797279,2022-07-16,Uganda,Pro,3394.35,Pending
CUST-1482,Matthew Poole,oanderson@example.com,001-826-658-2631x2819,2025-11-28,Cayman Islands,Basic,2853.29,Inactive
CUST-1126,Tamara Arias,angelaburns@example.org,(557)890-5072,2026-07-17,Madagascar,basc,2750.67,Inactive
CUST-1409,Crystal Jensen DVM,joel63@example.net,502-257-4326,2022-11-29,Saint Kitts and Nevis,PRO_tier,4580.52,Active
CUST-1036,Michele Gibson,sandrafrench@example.net,001-336-218-3242,2022-07-21,Gambia,Pro,4494.22,Inactive
CUST-1176,Joseph Williams,stanleydesiree@example.org,4165761847,2025-03-14,Norfolk Island,Entrp,1012.45,Pending
CUST-1125,Tamara Lawrence,lawrenceallen@example.org,(852)886-6929,2022-08-26,North Macedonia,Basic,422.46,Pending
CUST-1787,Daniel Henderson,david78@example.net,(261)433-7184x449,2026-01-17,Gibraltar,Enterprise,2366.7,Active
CUST-1897,Craig Fleming,cooperlaura@example.org,277.456.9198x321,2026-09-04,Benin,PRO_tier,961.04,Pending
CUST-1288,Zachary Allen,ibrown@example.net,978-470-0505x0613,2025-06-05,Djibouti,Basic,827.43,Active
CUST-1610,Pamela Brown,michelleguerrero@example.com,+1-262-962-2822x512,2022-09-28,Iraq,basc,1756.77,Pending
CUST-1075,Ashley Perkins,dennis58@example.com,+1-227-772-2170x4303,2026-05-23,Malaysia,Enterprise,2183.7,Inactive
CUST-1954,Michelle Brown,sharon28@example.com,486.631.0505,2022-12-11,Marshall Islands,Pro,2271.78,Pending
CUST-1837,Megan Garza,,(776)597-0409,2025-04-16,Eritrea,Pro,2341.87,Pending
CUST-1970,Linda Smith,prestonbarrett@example.org,573-727-7264,2024-07-02,Rwanda,Pro,4215.99,Inactive
CUST-1926,John Miller,derrick63@example.com,305.497.0255,2024-05-14,Kyrgyz Republic,Basic,1096.51,Pending
CUST-1232,Luke Galvan,browndeanna@example.net,+1-512-273-5857,2025-03-03,Guinea-Bissau,Enterprise,3924.04,Inactive
CUST-1930,Betty Vazquez,daltonkathleen@example.com,548-253-4655x79220,2021-12-08,Fiji,Basic,4647.39,Inactive
CUST-1681,Stacy Mcbride,davidfields@example.net,6726011379,2021-11-01,Mongolia,Pro,$669.59,Inactive
CUST-1373,Jason Washington,bschultz@example.com,+1-991-338-2496,2025-12-15,Macao,Enterprise,1307.19,Inactive
CUST-1013,Derek Anderson,stephen10@example.com,+1-791-618-3842x513,06/07/2022,Syrian Arab Republic,Pro,4045.28,Pending
CUST-1893,Nicole Mejia,timothycannon@example.net,+1-631-786-9289x728,2026-07-13,Georgia,PRO_tier,1323.77,Inactive
CUST-1308,Terri Kerr,raymond65@example.com,(904)655-4781x376,2022-07-17,Saint Lucia,Pro,2902.42,Active
CUST-1696,Mark Weaver,thomasdavid@example.net,(717)581-9236,2025-11-11,Ireland,Pro,3052.97,Inactive
CUST-1689,Mr. David Wells DDS,hendersonbrenda@example.com,+1-970-860-7174x81131,2025-06-20,Dominican Republic,Enterprise,2112.1,Pending
CUST-1963,Deborah Stewart,elizabethrobertson@example.com,2528102627,2023-09-22,Micronesia,Pro,1378.61,Active
CUST-1635,Sherry Porter,jorgegonzalez@example.com,+1-315-471-8409x0805,2021-09-24,Marshall Islands,Enterprise,4356.68,Inactive
CUST-1113,Kristy Johnson,alexis39@example.org,001-761-242-9396x85621,2022-03-18,Djibouti,Enterprise,88.72,Pending
CUST-1494,Debra Jackson,brandywilson@example.com,(996)971-8839,2026-08-09,Gibraltar,Pro,2178.07,Inactive
CUST-1587,Joel Rivers,goodmanevelyn@example.com,676.816.4819x80770,2025-11-12,Saint Kitts and Nevis,Pro,1161.47,Inactive
CUST-1987,David Jones,gjones@example.net,001-275-535-8464x051,2025-01-25,Mayotte,Basic,3590.42,Inactive
CUST-1369,ANGEL SANTIAGO!!!,pfitzgerald@example.org,(209)548-1813,2025-06-23,Macao,Enterprise,3972.97,Active
CUST-1796,Paul Gibbs MD,rossjacob@example.net,750.940.5669,2024-07-26,Antarctica (the territory South of 60 deg S),Pro,1651.83,Active
CUST-1895,Brandon Ramirez,diana28@example.net,216-459-9302,2021-11-25,Cote d'Ivoire,Pro,882.76,Inactive
CUST-1915,Brett Newman,patriciagrant@example.net,+1-621-476-4846x7357,2022-06-13,Cuba,Pro,3984.93,Active
CUST-1147,Christine Parker,melissa12@example.net,690-435-2135x6804,2021-11-16,Iraq,Basic,586.59,Inactive
CUST-1536,Mr. Richard Hall,sarasanchez@example.com,+1-992-594-4551x16682,2026-03-23,Turkey,Enterprise,981.79,Pending
CUST-1976,Kathleen Moss,knewton@example.net,(891)643-3629x9946,2026-08-01,Guam,Enterprise,3490.04,Inactive
CUST-1712,Mark Webster,mcgrathderek@example.com,887.668.8687x859,2024-05-04,Ireland,Enterprise,3378.98,Inactive
CUST-1605,Jordan Norman,zpreston@example.net,709-960-0356x2439,2024-12-28,Cook Islands,Basic,4769.35,Pending
CUST-1968,Richard Martinez,renee99@example.com,625.962.2219x0533,2025-09-09,Eritrea,Enterprise,1017.96,Active
CUST-1431,Susan Walker,vhill@example.org,001-726-376-4921,2025-04-17,Tokelau,Basic,4157.6,Pending
CUST-1695,Anthony French,warrenjoseph@example.net,9429537337,2022-10-17,China,Pro,2447.04,Active
CUST-1322,Kathleen Johnson,patrickshelton@example.org,699-711-8773x4778,2025-10-08,Mauritius,Enterprise,2238.1,Active
CUST-1248,William Mason,garrettnatasha@example.org,+1-543-825-6216,2022-12-04,Cape Verde,Pro,1734.68,Pending
CUST-1067,Nathaniel Douglas,mathewaguilar@example.org,(346)829-1486x528,2024-04-07,Andorra,Enterprise,1189.07,Active
CUST-1480,Dylan Fisher,kimberlyarnold@example.org,571.657.6605,2023-01-22,Palestinian Territory,Pro,$3528.36,Inactive
CUST-1467,   ana harper  #,jacob30@example.org,219-790-9700x514,2025-06-25,Indonesia,Enterprise,1681.75,Active
CUST-1943,Pamela Snyder,gregorywhitehead@example.com,001-343-838-7220x5422,2022-08-08,Philippines,Basic,3188.91,Inactive
CUST-1972,Jerome Parker,xhall@example.net,352.747.8417,2024-08-16,Reunion,Enterprise,4872.42,Active
CUST-1989,Jason Salinas,qsimpson@example.net,001-790-392-2884x98745,2026-01-01,Dominica,Pro,2932.11,Pending
CUST-1763,Lisa Stevens,kristin09@example.net,222.610.4016x48188,2024-11-06,Eritrea,Pro,258.23,Pending
CUST-1055,Jessica Rodriguez,fjones@example.com,+1-621-924-9985x698,2024-04-01,Jersey,Pro,1235.29,Active
CUST-1716,Willie Thomas,brian83@example.net,350.976.5975x95450,2025-07-07,Jersey,Pro,273.95,Active
CUST-1091,Jason Harris,vsalas@example.net,7284385786,2024-01-08,Martinique,Enterprise,3326.26,Inactive
CUST-1851,   jessica keith  #,icollins@example.com,+1-616-801-1241x158,2026-09-09,Albania,Enterprise,4100.99,Active
CUST-1318,Michelle Richardson,scottrosario@example.org,(466)938-3615x171,2025-07-14,Romania,PRO_tier,4331.31,Active
CUST-1443,JOHNATHAN MILLER!!!,robertgentry@example.org,(443)676-5456,2022-04-07,Kazakhstan,Enterprise,1146.67,Pending
CUST-1314,RICHARD JENKINS!!!,curtismoore@example.org,389.388.8167,2025-10-26,Uzbekistan,Basic,1682.53,Pending
CUST-1554,Michael Robertson,morseronald@example.org,(420)928-1237x1067,2022-06-03,Tunisia,Pro,2816.66,Pending
CUST-1140,Carla Benton,gary24@example.net,305-964-8149,2023-12-31,Guyana,Pro,1560.69,Active
CUST-1189,Elizabeth Molina,howardshaun@example.net,+1-283-286-3840x66658,2025-06-10,Cook Islands,Pro,2277.85,Active
CUST-1792,Holly Waters,rgiles@example.com,(292)618-2192x5967,2022-11-24,Nigeria,Basic,3074.22,Pending
CUST-1726,William Parker,jason72@example.net,(401)409-1217,2025-05-03,Finland,Basic,3582.28,Inactive
CUST-1838,Ann Carpenter,gomezbradley@example.net,+1-832-474-8835x6517,2023-03-10,Aruba,Enterprise,2149.43,Inactive
CUST-1728,Mr. James Fletcher MD,lisamcgee@example.net,(559)920-2461x75202,2026-07-05,United States of America,Enterprise,741.92,Pending
CUST-1997,Alexandra Marshall,anthony17@example.org,(359)500-7397,2025-06-27,Antigua and Barbuda,Enterprise,3251.38,Inactive
CUST-1419,Austin Johnson,timothychambers@example.org,2048090138,2024-09-26,Senegal,Enterprise,540.16,Inactive
CUST-1367,Autumn Torres,kevin70@example.org,(296)304-4327,2024-06-17,Bangladesh,Pro,1905.46,Active
CUST-1493,Misty Perez,leerachel@example.com,+1-600-740-1041,2025-02-28,Somalia,Basic,3786.97,Active
CUST-1464,Billy Carroll,lhernandez@example.com,001-228-447-6570x4120,2024-03-28,Algeria,Basic,2187.79,Pending
CUST-1344,JEREMY ZHANG MD!!!,uvasquez@example.org,551-234-2284,2024-05-09,Montserrat,Basic,4904.83,Active
CUST-1011,Richard Gibson,uhorton@example.net,+1-972-434-3098x05009,2022-01-02,Malawi,Basic,509.09,Active
CUST-1847,Kristi Foster,aedwards@example.net,+1-221-289-4559x0670,2024-09-10,Pakistan,Pro,1209.98,Active
CUST-1988,John Lewis,douglas63@example.com,(581)744-4718,2025-09-11,Vanuatu,Basic,2272.88,Pending
CUST-1874,Cody Miller,manningjeremy@example.com,7922300716,2021-09-29,Liberia,Pro,4787.25,Active
CUST-1207,Autumn Olson,rachelryan@example.org,001-368-865-0863x76599,2022-05-23,Lesotho,Enterprise,4000.8,Pending
CUST-1490,David Jones,carolyn83@example.org,+1-549-519-6655,2021-12-20,Lithuania,Basic,3386.15,Inactive
CUST-1265,Susan Moore,sandra84@example.com,(318)223-0768,2023-04-12,Aruba,Enterprise,4884.2,Pending
CUST-1000,Allison Hill,donaldgarcia@example.net,+1-219-560-0133,2025-04-21,Reunion,Enterprise,601.09,Pending
CUST-1427,Ronald Clark,isabellawilliams@example.org,364.620.8656x7566,2023-02-18,Uzbekistan,Basic,3330.71,Pending
CUST-1112,Mark Warner,porterryan@example.com,001-218-303-3974,2025-02-22,Fiji,Enterprise,1547.46,Pending
CUST-1407,Barbara Lewis,marcus06@example.net,606-937-3149x50136,2026-08-22,Bosnia and Herzegovina,Enterprise,1207.42,Active
CUST-1424,Tara Miranda,schneidernicholas@example.net,001-568-363-3414x1115,2024-08-02,Brunei Darussalam,Pro,2745.11,Pending
CUST-1225,Denise Wallace,brittanybryant@example.net,+1-796-888-4578x3174,2023-01-08,Gabon,Enterprise,3605.87,Active
CUST-1613,Christina Robinson,lindathomas@example.net,416-649-1334,2023-05-14,Kyrgyz Republic,Basic,1793.88,Inactive
CUST-1014,Elizabeth Riggs,contrerasangela@example.net,524-711-8244,2022-09-27,North Macedonia,Pro,2704.33,Inactive
CUST-1326,Sheila Wilson,andrewnguyen@example.com,+1-769-386-4079x05696,2025-10-06,Bolivia,Enterprise,4006.6,Pending
CUST-1720,Mr. Jordan Porter,lwilliams@example.com,712-883-3372x188,2025-06-08,Italy,Pro,4135.29,Pending
CUST-1886,Michelle Huber,ashleyroberts@example.net,001-253-500-6776x255,2022-07-11,Guernsey,Basic,2834.5,Active
CUST-1008,Leah Smith,perezrebecca@example.com,983-547-3829,2025-08-24,Sri Lanka,PRO_tier,2966.87,Active
CUST-1849,Jeremy Medina Jr.,tpatton@example.com,638.890.6235,2026-02-07,Slovenia,Basic,4088.14,Pending
CUST-1194,Bradley Davis,simsjason@example.net,001-336-213-8612x07501,2022-08-12,El Salvador,Enterprise,448.86,Active
CUST-1332,Kyle Camacho,qmosley@example.net,662-931-9818,2026-02-23,Dominica,Pro,2106.68,Inactive
CUST-1015,Kathy King,davisrodney@example.com,2053242786,2022-02-05,Turks and Caicos Islands,Basic,2782.6,Pending
CUST-1135,Paul Gillespie,fheath@example.org,(619)365-6523,2022-12-18,Netherlands Antilles,Pro,3922.81,Inactive
CUST-1556,Tammy Cortez,frankespinoza@example.com,5565227104,2025-03-12,Mauritania,Enterprise,4153.35,Pending
CUST-1450,Angela Payne,kevin73@example.net,001-820-323-6848x5571,2024-02-20,Malta,Enterprise,784.25,Active
CUST-1596,Deborah Patel,joshua88@example.com,+1-871-627-0587x7221,2022-03-12,Tokelau,Pro,1226.32,Active
CUST-1174,Monica Dodson,,+1-203-635-4216x89421,2026-06-19,Korea,Pro,3075.81,Active
CUST-1339,Keith Smith,dayala@example.net,513.633.4476x2639,2025-05-10,Comoros,Entrp,1527.85,Pending
CUST-1121,Jorge Stone,seanmyers@example.net,001-382-350-7146,2025-11-17,Saint Lucia,Pro,268.23,Inactive
CUST-1827,Micheal Cook,hesskeith@example.net,474-736-2130x096,2024-05-19,Marshall Islands,Basic,4931.38,Inactive
CUST-1066,VICKIE MILLER!!!,benjaminzimmerman@example.com,789.325.5466x59051,2024-07-06,Hungary,Basic,1723.52,Pending
CUST-1146,Robert Haynes,louis43@example.org,729.812.1277,2022-04-29,Guinea-Bissau,Pro,933.91,Inactive
CUST-1348,Lisa Hamilton,gdavis@example.com,632.478.8147x617,2026-08-24,Poland,Pro,4942.65,Pending
CUST-1588,HEIDI MORAN!!!,hpatterson@example.org,(549)912-5652,2022-10-09,Bhutan,Basic,4203.92,Pending
CUST-1293,   kimberly robinson  #,joshualee@example.org,+1-977-222-0054x36459,2022-03-30,Austria,Pro,402.34,Active
CUST-1622,Sharon Allen,bcopeland@example.com,7143448564,2021-10-14,Rwanda,Basic,1466.25,Active
CUST-1395,Sarah Lee,yeseniagoodwin@example.net,+1-240-944-5669,2024-12-29,Senegal,Basic,$704.19,Pending
CUST-1517,Christopher Rodriguez,ogray@example.net,+1-433-847-7433,2025-10-16,Sudan,Basic,2676.49,Active
CUST-1034,BENJAMIN SOTO!!!,hernandezlisa@example.com,831-986-9993,2026-04-07,French Southern Territories,Basic,1270.81,Pending
CUST-1534,Kayla Norman,shelby69@example.org,+1-226-911-3989x86818,2025-01-07,Mali,Pro,2922.63,Pending
CUST-1950,Mr. Steven Garcia MD,jose80@example.com,542-700-6298x7787,2024-04-29,Singapore,Basic,3711.29,Inactive
CUST-1338,Theresa Wilkerson,andrewjohnson@example.net,+1-693-417-3420x6969,2022-03-02,Heard Island and McDonald Islands,Pro,$4111.72,Inactive
CUST-1386,Brittany Parker,kelly08@example.net,+1-520-938-8065x33315,2025-03-13,Lao People's Democratic Republic,Basic,3054.97,Inactive
CUST-1122,Eric Gibson,adrianabailey@example.org,475.414.0105x123,2023-05-18,Japan,basc,3203.71,Inactive
CUST-1250,Michelle White,jessicacannon@example.com,(547)542-3122x09949,2022-11-16,Anguilla,Basic,2607.3,Active
CUST-1999,Kimberly Haney,wellsadam@example.com,836-202-3442x2521,2022-06-11,Cocos (Keeling) Islands,Pro,1148.91,Pending
CUST-1951,Jasmine Morales,xcurry@example.net,496-823-4219,2025-10-07,Christmas Island,Pro,577.43,Active
CUST-1909,Meghan Williams,klee@example.net,+1-708-865-2377x72966,2022-08-31,Lao People's Democratic Republic,Enterprise,4888.52,Active
CUST-1052,Tiffany Holloway,batesdarlene@example.net,5055329318,15/10/2025,Djibouti,Enterprise,4769.82,Pending
CUST-1553,Sara Hodges,saundersjohnathan@example.com,001-952-705-9960x4387,2026-07-09,Dominica,Enterprise,3558.73,Active
CUST-1196,Jessica Foster,wellsamanda@example.org,001-268-842-4508x8210,2024-05-29,Yemen,Enterprise,$1109.07,Inactive
CUST-1452,Devon White,ashleyvargas@example.org,578.684.4344x81230,2021-12-01,Cameroon,Enterprise,3575.16,Inactive
CUST-1415,Miranda Hicks,xreid@example.net,4666337050,2024-10-01,Western Sahara,Basic,1973.8,Inactive
CUST-1661,Mario Lee,jeanettesimpson@example.net,(374)490-7280,2026-08-05,Estonia,Enterprise,4640.26,Pending
CUST-1900,Dustin Hines,kevin07@example.com,(434)993-3965x0496,2022-09-02,Tanzania,Enterprise,290.15,Active
CUST-1264,   bruce patton  #,janet50@example.com,(517)335-7438x42150,2023-12-10,Anguilla,Enterprise,2446.78,Pending
CUST-1432,   cathy hess  #,longlisa@example.net,918.798.1312x9208,2022-05-03,Brunei Darussalam,Basic,2952.6,Active
CUST-1630,Jennifer Johnston,tfrancis@example.com,465-353-5851x253,2026-08-18,Slovenia,Basic,$2750.1,Inactive
CUST-1178,Daniel Fitzpatrick MD,smithchristopher@example.org,001-972-618-1143,2023-01-16,Australia,basc,3297.49,Active
CUST-1101,Kimberly Brown,,(422)865-6766x18251,2024-05-14,Saint Lucia,Enterprise,455.82,Pending
CUST-1223,Heidi Matthews,lgutierrez@example.org,(334)913-2611,2024-06-18,Anguilla,Basic,$2351.92,Inactive
CUST-1411,   john mckay  #,,(812)998-3381,2023-04-13,Saint Helena,Enterprise,1545.84,Inactive
CUST-1460,   christopher coleman  #,colleen45@example.org,975-341-0225x267,2022-04-15,Japan,Pro,3661.58,Inactive
CUST-1143,Curtis Elliott,jodi37@example.com,001-573-783-2060,2024-11-25,Puerto Rico,Pro,1788.17,Pending
CUST-1566,Stephen Thompson,jordan74@example.org,559.855.8720x9628,2023-06-16,Sudan,Basic,853.12,Pending
CUST-1084,Lisa Johnson,dawn47@example.org,+1-464-771-0276x77359,2026-01-11,Ghana,Basic,300.41,Pending
CUST-1184,Ruth Richard,ann99@example.com,001-757-311-3055x488,2021-12-13,Chad,Enterprise,2679.1,Pending
CUST-1502,Robert Bradley,mary88@example.org,001-921-214-5775x84745,11/11/2025,Gabon,Basic,1932.03,Pending
CUST-1024,Francisco Fernandez,edwardreyes@example.org,001-831-266-5876x036,2026-01-03,Serbia,Enterprise,897.14,Pending
CUST-1425,Tiffany Ray,collinsbrittany@example.org,(965)752-8993x1608,2022-06-12,Western Sahara,Pro,349.72,Inactive
CUST-1133,Matthew Wright,elizabeth20@example.com,+1-943-261-1037x1293,2021-10-05,Guam,Basic,4882.22,Active
CUST-1785,Stacey Barber,mpowers@example.org,(608)217-7602x991,2023-09-16,Malta,Pro,1458.58,Pending
CUST-1750,Angel Rogers,iblake@example.com,936.880.1192x3603,2024-05-25,Saint Vincent and the Grenadines,Pro,$4785.59,Inactive
CUST-1449,Juan Atkins,michael59@example.net,+1-253-543-9611x291,2022-09-08,Kiribati,Basic,4501.37,Inactive
CUST-1021,Kevin Pena,rramos@example.org,272.214.8951x34332,2022-12-12,Lebanon,Pro,855.14,Inactive
CUST-1604,Justin Rodriguez,laurenmathis@example.org,001-479-731-6477,2022-02-01,Oman,Enterprise,473.79,Inactive
CUST-1097,Charles Morris,adamreyes@example.com,001-445-849-9045x30174,2025-02-25,Uzbekistan,basc,$4264.15,Active
CUST-1195,Laura Perez,rickey76@example.com,606-618-0919x01581,2024-10-03,Finland,Basic,1946.02,Active
CUST-1745,SHEILA NGUYEN!!!,hgray@example.net,873-223-6533x774,2022-12-25,Jersey,Enterprise,1059.26,Pending
CUST-1579,Timothy Hill,joshuapowers@example.net,(724)340-6306x2447,2022-10-30,Andorra,Enterprise,4674.75,Pending
CUST-1904,Kathryn Flynn,umatthews@example.com,001-853-353-6597x4669,17/11/2023,United Kingdom,Pro,349.23,Pending
CUST-1377,Pamela Medina,ryanpatricia@example.net,515.969.5620x175,2021-10-08,Samoa,Enterprise,1530.81,Inactive
CUST-1772,Joseph Cooper,williskatherine@example.com,522.939.9821,2023-02-05,Guadeloupe,Basic,2095.84,Pending
CUST-1721,Elizabeth Sanchez,qfry@example.org,001-550-966-6267x05514,2026-02-13,Liechtenstein,Enterprise,3074.66,Active
CUST-1185,Rodney Newton MD,cheryl31@example.com,973.951.6091,2025-01-06,Zimbabwe,Enterprise,1620.62,Inactive
CUST-1807,   jonathan jefferson dvm  #,rodneynolan@example.com,001-546-420-2582x5431,2025-04-05,Sri Lanka,Basic,2302.14,Pending
CUST-1863,Bradley Phillips,patrick14@example.org,001-438-545-3198x0746,2023-04-19,Ireland,Pro,4577.97,Pending
CUST-1855,   john singh  #,meganjones@example.org,927.948.9791,2026-03-25,Indonesia,Enterprise,4562.31,Pending
CUST-1682,Nicholas Hernandez,sandersnicholas@example.org,667.262.0901x4473,2025-01-29,Tunisia,Enterprise,2690.72,Pending
CUST-1134,Virginia Henderson,timperez@example.org,001-211-455-4262x2189,2023-12-04,Saint Helena,Pro,172.69,Pending
CUST-1258,Christine Lopez,delgadobenjamin@example.org,+1-499-945-1016x22499,2025-06-21,Guyana,Enterprise,1751.6,Pending
CUST-1273,Kelly Gentry,samantha65@example.org,001-209-286-2405,2025-03-29,Swaziland,Pro,2373.51,Inactive
CUST-1171,Joseph Glover,william28@example.org,817-724-8251x3534,2023-08-01,Myanmar,Pro,512.27,Active
CUST-1486,Mr. Joshua Moore,sara39@example.org,+1-208-782-3513,2022-06-01,Belize,Pro,829.18,Inactive
CUST-1691,Kimberly Ramsey,brenda87@example.org,942.904.9561x213,20/12/2022,Iceland,Enterprise,1483.87,Inactive
CUST-1270,Randy Munoz,williamsullivan@example.net,858-514-8769,2024-10-29,Mexico,Basic,2789.13,Pending
CUST-1116,Ashley Davis,carlsonkristen@example.com,4468618398,2022-07-27,Ethiopia,Enterprise,2788.46,Inactive
CUST-1701,Keith Medina,jonathanjones@example.org,(886)501-3477x8948,2023-01-19,Japan,Pro,1277.2,Active
CUST-1896,Destiny Klein,jefferyanderson@example.net,875.721.3530x281,2026-02-26,Ireland,Basic,742.79,Pending
CUST-1160,Matthew Greene,collinclark@example.net,717-814-6774x1862,2023-07-27,Kiribati,Enterprise,680.07,Inactive
CUST-1891,Christopher Reeves,whiteryan@example.org,992-215-8189,2025-02-26,Mongolia,Enterprise,4175.15,Inactive
CUST-1758,Joseph Davis,martin22@example.org,(773)923-1829x71681,2022-07-18,Falkland Islands (Malvinas),Enterprise,2470.57,Inactive
CUST-1404,Joel Miller,jenniferkim@example.com,322-209-1241x862,2025-02-09,Cape Verde,Pro,1874.5,Pending
CUST-1944,Robert Garza,mhorn@example.org,001-908-733-4447x0488,2021-10-12,Kyrgyz Republic,Pro,1179.29,Pending
CUST-1422,Karen Barrett,navarrokelly@example.org,001-428-998-0271x487,2026-07-01,Liberia,Pro,2251.24,Active
CUST-1154,Joseph Smith,lindsaypeterson@example.org,700-629-2185x15691,2023-05-03,Cayman Islands,Enterprise,3369.61,Inactive
CUST-1912,Michael Holmes,uthompson@example.org,+1-429-473-5259x533,2022-06-23,Puerto Rico,Basic,4594.34,Pending
CUST-1523,Richard Gonzalez,vfleming@example.org,+1-470-366-2668,2023-11-30,Ukraine,Pro,2346.57,Pending
CUST-1228,Brian Gibson,nnelson@example.com,650.620.8021,2022-05-07,Kazakhstan,Pro,4710.28,Active
CUST-1032,Joseph Coleman,michael74@example.com,631-335-1823x374,2025-11-20,French Polynesia,Basic,3294.42,Inactive
CUST-1760,Amy Mccoy,ballvanessa@example.com,(918)644-4218x2998,2024-03-06,United States Minor Outlying Islands,Pro,1474.56,Pending
CUST-1800,Kelly Huber,alexis57@example.net,943-403-4918x9117,2021-12-15,Mali,Basic,1344.69,Inactive
CUST-1356,Heather Kennedy,christycampbell@example.net,872-923-2971,2023-03-29,Cote d'Ivoire,Pro,3135.13,Inactive
CUST-1765,Molly Boyd,rickey20@example.org,(825)486-3144x17064,2023-06-30,Sao Tome and Principe,Enterprise,1319.4,Inactive
CUST-1606,Laura Gomez,jacobhernandez@example.com,(310)789-0285,2026-01-28,Vanuatu,Enterprise,3942.74,Pending
CUST-1100,ANN DIXON!!!,chavezwilliam@example.com,001-508-374-0640,2021-12-12,Guatemala,Basic,2915.65,Active
CUST-1018,Sean Rasmussen,michael86@example.net,+1-350-814-2940,2023-06-14,Solomon Islands,Basic,3323.25,Inactive
CUST-1597,Mark Ryan,jamesrodriguez@example.org,548.445.8714,2023-05-05,Congo,Basic,1230.28,Pending
CUST-1663,Paul Brown,snyderraven@example.org,+1-661-770-1595x919,2023-12-23,Samoa,Basic,$650.74,Active
CUST-1711,Robert Mason,longgary@example.com,(923)495-9473,2025-04-10,Rwanda,Basic,1442.71,Pending
CUST-1043,Roberta Hughes,tylerjohnson@example.net,001-851-471-8702,2022-02-04,Slovenia,Basic,3417.4,Active
CUST-1581,Matthew Duncan,welchanna@example.com,238-454-4577,2024-11-05,Chad,Basic,3827.43,Inactive
CUST-1389,CHRISTOPHER MCCLURE!!!,matthewspencer@example.org,702.541.0261,2023-04-01,Dominican Republic,Enterprise,$3420.23,Active
CUST-1748,Kelli Collins,ksmith@example.org,944.238.9982,2022-06-20,Angola,Enterprise,1076.34,Inactive
CUST-1791,Michael Powell,zyoung@example.net,001-420-350-6821x22355,2026-09-07,Philippines,Pro,2860.52,Active
CUST-1598,Rachel Phelps,markblack@example.com,+1-796-943-4745x2455,2023-04-06,Mongolia,Enterprise,2312.71,Active
CUST-1441,Sierra Mills,gregoryrichardson@example.org,650.967.6251x53814,11/03/2023,Croatia,Basic,2407.42,Inactive
CUST-1382,Robert Mcconnell,john73@example.com,9583319971,2022-02-24,Bahamas,Pro,158.6,Pending
CUST-1256,Krystal Keller,fernandothomas@example.net,5642474212,2024-11-01,El Salvador,Enterprise,1254.36,Pending
CUST-1252,Jessica Williamson,michelle36@example.com,001-909-965-6999x88081,2025-11-09,Armenia,Pro,2798.12,Active
CUST-1454,William Garrett,hollowayjeffrey@example.com,(540)989-1649,2022-10-29,Ethiopia,Enterprise,3046.86,Active
CUST-1254,   stephanie ford  #,gdavis@example.org,(498)926-6570,2024-09-03,Rwanda,Pro,2268.46,Active
CUST-1692,RENEE WHITEHEAD!!!,lwilliams@example.org,997-737-1122x29907,2025-09-11,Jersey,Pro,1262.15,Pending
CUST-1089,Erin Austin,phillipjensen@example.com,001-258-788-7947,2023-05-19,Bouvet Island (Bouvetoya),Pro,4636.26,Inactive
CUST-1529,Kelly Martin,pmcdonald@example.org,8442138459,19/10/2024,Guyana,Pro,2977.53,Inactive
CUST-1221,George Ward,maurice61@example.com,+1-893-699-8245x58771,2024-01-16,Zimbabwe,Enterprise,804.29,Active
CUST-1267,Tyler Castro,clarkmichael@example.com,224-493-2149x587,2021-11-12,United Kingdom,Basic,1516.42,Inactive
CUST-1107,Nicole Rocha,randyallen@example.com,001-746-578-5445x87717,2023-07-30,Isle of Man,Basic,2318.51,Pending
CUST-1065,ANDREW WOOD!!!,chase19@example.net,267.998.0793x59782,2022-03-29,United Arab Emirates,Pro,648.97,Active
CUST-1202,John Brown,jim38@example.com,(477)800-5184x4989,2024-12-28,Haiti,Pro,3779.7,Inactive
CUST-1980,   kevin evans  #,sara14@example.org,(772)886-8112x30388,2025-12-19,Brazil,basc,2981.52,Pending
CUST-1669,Emily Gilmore,nchristensen@example.com,587-679-4176,2025-04-13,Haiti,Enterprise,2419.39,Inactive
CUST-1541,Juan Romero,anthonyorr@example.net,+1-830-970-5349,2024-04-29,Switzerland,Pro,4955.38,Pending
CUST-1839,Tammy Miles,mary66@example.net,449.360.4784,2023-12-11,Cape Verde,Basic,1275.18,Inactive
CUST-1488,Emily Bauer,chamilton@example.com,+1-345-991-9663x955,2022-07-23,Antigua and Barbuda,Enterprise,470.54,Active
CUST-1038,Laura Sampson,barbara27@example.net,+1-374-429-6717x5655,2023-05-16,Puerto Rico,Enterprise,$2492.9,Active
CUST-1303,Lori Carter,thomasfisher@example.net,+1-904-931-0385x6955,2024-01-05,Montenegro,Pro,448.19,Active
CUST-1983,   sarah rollins  #,dennis55@example.org,360.290.8581,2023-02-20,Bahamas,Entrp,1087.76,Inactive
CUST-1528,Matthew Patel,anthony50@example.net,001-654-993-0596x60186,2023-11-04,Saint Helena,Pro,2238.93,Inactive
CUST-1924,   kristine bryant dvm  #,,(968)876-4486,2023-03-18,Kiribati,Enterprise,3932.66,Pending
CUST-1835,Robert Jones,tshannon@example.net,(921)775-8839,2023-11-29,Algeria,Pro,2667.77,Pending
CUST-1030,Samuel Rivas,ramirezshannon@example.com,001-596-750-7527,2025-09-17,Guam,Pro,1375.32,Active
CUST-1186,Tracey Smith,tranryan@example.net,882.592.2169x9586,2023-02-02,Guam,Enterprise,4084.28,Pending
CUST-1762,Kendra Sullivan,youngedward@example.com,235.850.5429x60807,2022-10-05,Isle of Man,Pro,4775.31,Active
CUST-1929,Sara Lyons,dustinwilliams@example.com,362.297.3988x94132,2026-09-17,Senegal,Enterprise,2839.37,Active
CUST-1354,Misty Mcconnell,dhall@example.net,3699581467,01/11/2024,Oman,Enterprise,4851.29,Active
CUST-1527,Marie Chavez,,896-941-0496x706,2021-12-11,Costa Rica,Pro,$797.24,Active
CUST-1412,Jeff Obrien,justin73@example.com,915.266.2776x8962,2025-07-14,Japan,Basic,741.9,Active
CUST-1507,Daniel Kennedy,john66@example.com,444-594-2965,2022-12-21,Israel,Pro,2888.33,Pending
CUST-1155,Jessica Fowler,lbanks@example.net,+1-495-439-2644,2025-05-14,Yemen,Pro,396.37,Pending
CUST-1657,Douglas Meyer,burnsrebecca@example.org,+1-234-447-6504x7158,2026-01-31,Vanuatu,Pro,4986.45,Pending
CUST-1376,Emily Fleming,cynthia74@example.org,+1-455-837-9502x09700,2024-07-02,Qatar,Basic,2236.56,Inactive
CUST-1543,Megan Jones,patricia06@example.org,001-585-638-0032x963,2024-01-27,Libyan Arab Jamahiriya,Pro,4593.79,Inactive
CUST-1282,Frances Adams,scottbreanna@example.com,001-339-338-5258x00106,2025-02-24,Guernsey,Basic,3889.68,Inactive
CUST-1810,Kenneth Johnson,christinedixon@example.net,001-476-383-1608x2717,2024-01-04,Cuba,Basic,3821.21,Pending
CUST-1634,William Ayala,maryjohnson@example.com,001-415-311-6966x6725,2023-04-12,Christmas Island,PRO_tier,1790.16,Active
CUST-1755,Christopher Cameron,wrodriguez@example.org,712.961.6324,2022-07-05,Nepal,Basic,1431.08,Inactive
CUST-1291,Jacob Martin,sarawilliams@example.org,+1-896-920-7100x2194,08/03/2025,Costa Rica,Pro,1491.73,Active
CUST-1764,Maria Kelley,pjimenez@example.net,363.481.6432,2025-03-16,Niger,Basic,1764.5,Inactive
CUST-1519,   brenda jones  #,egarrett@example.net,728-241-1730,2022-11-04,Wallis and Futuna,Basic,1219.53,Active
CUST-1290,Kurt Gilbert,brockronald@example.net,+1-365-619-8253x09251,2022-06-06,Israel,Pro,2279.99,Pending
CUST-1188,Mr. Michael Butler,natalie60@example.net,606-620-0342,2022-06-15,Bahamas,Pro,4491.18,Pending
CUST-1456,STEPHEN ROTH!!!,chadjones@example.org,261.282.0916x601,2022-05-20,Sierra Leone,Enterprise,4394.65,Pending
CUST-1177,Jason Garcia,cindy26@example.org,891.641.1739x34835,2022-07-11,Mexico,Pro,2497.17,Active
CUST-1477,Natalie Doyle,alexis72@example.com,816-448-0727x91033,2024-09-22,Cuba,Enterprise,3087.19,Pending
CUST-1070,   joseph burch  #,laurietaylor@example.com,4756818141,2023-12-20,Malaysia,Pro,$400.74,Active
CUST-1843,Diana Turner,josejensen@example.com,403-644-0966x17718,2024-09-11,Montserrat,Basic,1070.1,Active
CUST-1911,Cassandra Anderson,jacob73@example.org,(509)343-9136x81720,2022-09-17,Nigeria,Pro,4040.53,Active
CUST-1729,CHRISTOPHER JOHNSON!!!,welchjennifer@example.net,(850)517-8332x584,24/11/2023,Zambia,Pro,854.39,Pending
CUST-1501,Ethan Jones,martingibson@example.org,+1-276-950-2412x09579,2026-02-02,Latvia,Pro,3747.72,Active
CUST-1955,Krista Smith,angela26@example.net,(499)900-7686,2025-07-03,Venezuela,Enterprise,$2069.82,Active
CUST-1643,Ryan Lopez,aking@example.net,001-460-772-3111x271,2022-07-23,Saint Vincent and the Grenadines,Basic,3903.65,Inactive
CUST-1515,Nathan Morgan,joshuafarmer@example.com,(717)867-9298x8425,2022-01-22,Antarctica (the territory South of 60 deg S),Enterprise,1730.59,Inactive
CUST-1994,Maria Brown,tklein@example.org,+1-822-548-7098x7264,2022-08-21,Holy See (Vatican City State),basc,3856.32,Pending
CUST-1747,Scott Franco,enelson@example.org,720.637.6388x214,2025-03-04,Faroe Islands,Enterprise,358.29,Active
CUST-1512,Anthony Martinez,lwebb@example.org,+1-449-479-1620,2025-10-25,Palestinian Territory,Basic,$2211.72,Active
CUST-1938,Todd Thompson,,223.303.4202x8471,2023-12-29,Central African Republic,Entrp,438.22,Pending
CUST-1819,Luis Johnson,jenniferstanley@example.net,001-273-439-3049x36653,2023-12-31,Turkey,Enterprise,2255.14,Active
CUST-1949,Courtney Foley,fuenteschristopher@example.org,421-854-8158,2024-06-09,Mauritania,Basic,1931.0,Pending
CUST-1305,Rebecca Martin,williamsleslie@example.org,445.623.8055x257,2022-04-30,Anguilla,Pro,178.03,Active
CUST-1916,Dr. Brenda Martin,walterskaren@example.com,425-789-2225x606,2022-10-11,Palau,Pro,4798.52,Inactive
CUST-1495,Karen Davis,jennifer58@example.org,+1-731-517-0303x76371,2025-10-17,Senegal,Entrp,3408.51,Inactive
CUST-1390,Jaime Jackson,ejohns@example.org,(823)538-6559,2026-04-30,Serbia,Enterprise,530.96,Pending
CUST-1993,Matthew Cole,adrianchang@example.org,6077941932,2026-09-18,Dominican Republic,Entrp,3208.99,Active
CUST-1649,John Wright,jmendoza@example.com,+1-753-224-2642,2023-11-18,French Southern Territories,Pro,3265.33,Active
CUST-1329,Megan Kelley,burtonzachary@example.org,001-273-574-8969,2023-07-18,Cameroon,Basic,2334.17,Active
CUST-1168,Ronald Davis,hughesfrank@example.net,001-233-533-4680x07229,2022-12-26,Sri Lanka,Pro,3978.99,Pending
CUST-1721,Elizabeth Sanchez,qfry@example.org,001-550-966-6267x05514,2026-02-13,Liechtenstein,Enterprise,3074.66,Active
CUST-1848,Renee Evans,harold46@example.com,+1-648-796-6760x56420,2023-11-03,Haiti,Basic,743.67,Inactive
CUST-1277,Shannon Christensen,,737-218-9490,2024-01-25,Malaysia,Pro,416.71,Pending
CUST-1518,Angelica Johnson,harrislisa@example.org,(969)781-5287x339,2023-07-04,United Arab Emirates,Pro,1787.94,Pending
CUST-1489,Dawn Ortiz,raymond12@example.com,(725)531-3552x51050,2024-01-19,South Africa,Basic,829.18,Pending
CUST-1873,Tammy Norton,adam10@example.com,+1-901-319-5092,2026-08-18,Palestinian Territory,PRO_tier,1084.0,Inactive
CUST-1086,Emily Hines,dferrell@example.com,670-916-8733x9500,2024-09-16,Tajikistan,Basic,2061.75,Inactive
CUST-1319,Nathan Miller,,+1-447-238-6463x175,2026-09-19,Liechtenstein,Enterprise,4353.37,Inactive
CUST-1421,Nicole Wright,qmontgomery@example.com,363.705.0505x73976,2023-11-11,Venezuela,Basic,3466.89,Active
CUST-1505,Rebecca Reed,montesvictor@example.net,(972)684-9824,17/01/2022,French Polynesia,basc,2209.29,Inactive
CUST-1243,Bianca Taylor,tonypearson@example.org,+1-398-333-1465,30/01/2025,Jamaica,Basic,1430.69,Inactive
CUST-1245,Ronnie Roberts,heather14@example.com,405.238.3388x4879,2023-08-10,United Kingdom,Enterprise,3357.53,Inactive
CUST-1575,Raymond Turner,judy19@example.com,757.658.5126x86120,2022-09-17,Suriname,Pro,2539.39,Inactive
CUST-1180,James Rivers,mary76@example.net,(912)402-1697,2024-10-11,Slovakia (Slovak Republic),Basic,4030.34,Pending
CUST-1558,Diana Baker,martinezalexa@example.net,001-365-499-9497x32033,2022-06-09,Lebanon,Enterprise,3368.76,Pending
CUST-1506,Andrew Campbell,brownkevin@example.com,(400)542-5488x214,2023-11-19,Uruguay,Basic,4317.44,Pending
CUST-1617,Sean Wagner,gwilkins@example.org,(230)735-8929,2024-06-02,Puerto Rico,Basic,3594.42,Inactive
CUST-1357,Yvonne Howard,michael22@example.net,5159619318,2023-01-05,Guam,Enterprise,447.56,Inactive
CUST-1216,Paul Conrad,victorgonzalez@example.net,343.333.3952,2026-04-29,Philippines,Pro,4182.81,Inactive
CUST-1621,Calvin Paul,,340-364-1769x27438,2026-09-17,Netherlands,Pro,1303.9,Pending
CUST-1078,Jose Brady,stephaniethomas@example.net,+1-770-721-3556x90927,2023-12-11,Belarus,Basic,350.03,Pending
CUST-1998,Carolyn Davis,amberjames@example.org,001-887-316-7221x0454,2026-09-19,Bouvet Island (Bouvetoya),Pro,574.43,Active
CUST-1092,Hector Ingram,chelsea33@example.com,+1-743-644-3757,2023-02-28,Montserrat,Basic,989.99,Active
CUST-1499,Lawrence Stone,,310.609.4318,2022-11-08,Niger,Basic,3848.38,Inactive
CUST-1413,Olivia Dorsey,angelathompson@example.com,547.446.8971x527,2026-04-21,Albania,Pro,$4979.84,Active
CUST-1749,Michael Spencer,aaron32@example.org,001-846-944-9369x9951,2024-11-05,Tuvalu,Enterprise,2417.94,Inactive
CUST-1932,Jenna Rivera,courtney70@example.net,(819)593-1458x43456,2022-02-22,Czech Republic,Basic,3773.66,Pending
CUST-1272,Eric Sullivan,jenningscandace@example.com,970-513-2902x27846,2022-10-01,Turkey,Basic,4369.96,Pending
CUST-1903,Joseph Walker,stacy03@example.org,958-876-0545,2026-04-21,Mongolia,Basic,1132.66,Inactive
CUST-1797,Carol Yoder,kimberlycooper@example.com,642-486-7963x259,2024-11-30,North Macedonia,Basic,1340.89,Active
CUST-1546,Tyler Guerrero,heidi27@example.com,+1-663-704-4836x085,2023-10-12,Sudan,Enterprise,1706.51,Inactive
CUST-1333,Patricia Edwards,vshaffer@example.org,(732)312-3476x49078,2023-04-22,Jamaica,Pro,1256.47,Pending
CUST-1781,Derek Bowers,wberry@example.com,+1-713-308-7612x3859,2022-12-25,Congo,Basic,$4986.0,Inactive
CUST-1163,Andrea Hughes,rarnold@example.net,309.398.6162x299,2024-07-15,Bolivia,Enterprise,1539.7,Pending
CUST-1864,Leah Collier,johnsonjames@example.org,262.205.4596x715,2023-11-26,Ukraine,PRO_tier,4840.54,Pending
CUST-1466,Lisa Jones,pwoods@example.net,(762)205-6341x1159,2022-12-02,Central African Republic,Enterprise,346.91,Pending
CUST-1540,Morgan Hays,russellramirez@example.net,315-542-1447x73244,2025-01-20,Cambodia,Basic,243.75,Pending
CUST-1053,Charles Lester,ramireztracey@example.org,+1-742-210-2053,2022-08-05,Austria,Basic,3014.78,Inactive
CUST-1537,Christopher Barnes,inewton@example.org,(602)312-8866x52683,29/05/2023,Sweden,Pro,2531.77,Active
CUST-1312,Sabrina Brooks,,(857)725-2045,2021-12-19,French Guiana,Basic,2376.55,Inactive
CUST-1366,William Colon Jr.,toddellis@example.net,381.737.7028x51961,2024-07-31,Armenia,Pro,3990.91,Inactive
CUST-1746,Antonio Small,goodmanalice@example.org,(714)624-4260x78197,2024-12-11,Korea,Enterprise,4606.58,Pending
CUST-1539,Nathan Ramirez,halltrevor@example.org,001-788-498-6456,29/06/2026,Armenia,Enterprise,467.43,Pending
CUST-1497,Tiffany Ray,thomasnancy@example.net,930-772-4078,2023-01-19,Vanuatu,Basic,2006.55,Pending
CUST-1790,Cynthia Simmons,nancyryan@example.org,828.856.0539x70798,2025-02-15,British Indian Ocean Territory (Chagos Archipelago),Basic,119.72,Inactive
CUST-1428,Scott Long,marcusmoody@example.org,001-547-229-2774x233,14/07/2023,Togo,Enterprise,3005.87,Active
CUST-1214,Kristin Gordon,stacey84@example.net,001-947-269-7357,2024-02-18,Eritrea,Pro,1720.63,Inactive
CUST-1437,Courtney Lynn,thompsonjessica@example.com,001-371-285-9484,2022-07-29,Yemen,Basic,123.56,Active
CUST-1347,James Holland,davidhenry@example.com,001-649-825-1583x7767,2022-03-04,Jamaica,Enterprise,4571.48,Inactive
CUST-1958,Kelsey Nguyen,sullivanpaula@example.com,(310)465-9208x8143,2024-01-22,Kenya,Pro,111.09,Inactive
CUST-1633,DAVID LINDSEY!!!,ithomas@example.net,001-350-890-5911,2025-05-17,Saint Martin,Enterprise,2159.27,Pending
CUST-1365,Sandra Miller,colemandavid@example.org,815.986.9886x497,2025-03-02,Yemen,Pro,4521.95,Active
CUST-1006,Brittany Farmer,georgetracy@example.org,(443)903-9117x182,2026-06-16,Chad,Enterprise,1034.25,Pending
CUST-1304,Richard Jackson,jeremy54@example.org,(454)472-9284,2025-12-02,Puerto Rico,Pro,3685.94,Pending
CUST-1479,Kurt Daniels,qmitchell@example.net,+1-364-991-1110x96179,2024-03-28,Sri Lanka,Enterprise,1373.87,Active
CUST-1074,Angela Villegas,ashleyamy@example.net,+1-706-370-6540,2023-06-12,Saint Martin,Pro,992.53,Active
CUST-1259,Anna Evans,priscilla16@example.net,547-521-4586,2024-10-13,Botswana,Enterprise,1687.42,Pending
CUST-1629,Allison Walker DDS,johnperez@example.net,820.543.0977,2023-10-14,Thailand,Pro,440.69,Pending
CUST-1115,James Bowers,jodistewart@example.org,404-875-4121,2023-12-20,Moldova,Basic,1359.11,Active
CUST-1565,Mark Smith,kristinarobinson@example.com,413.743.2406x424,2023-10-17,Syrian Arab Republic,Enterprise,698.69,Inactive
CUST-1117,Johnny Brown,thill@example.com,354-437-9937,2023-03-31,Yemen,Pro,3043.91,Pending
CUST-1380,Melissa Patel MD,bsmith@example.net,+1-205-666-4187x75803,25/04/2026,Martinique,Basic,1224.17,Pending
CUST-1600,Daniel Shaw,daniel32@example.com,001-379-270-6734x9960,2024-12-02,Falkland Islands (Malvinas),Enterprise,2601.11,Active
CUST-1268,Ashley Brown,tmyers@example.net,001-979-454-5381,2022-03-09,Spain,Basic,1546.22,Pending
CUST-1888,Scott Jones,duncandawn@example.com,+1-305-830-8868x43021,2023-09-08,Cyprus,Enterprise,4677.05,Pending
CUST-1719,Steven Jensen,melissa49@example.net,+1-555-582-9849,2025-10-18,Jordan,Enterprise,2279.25,Pending
CUST-1599,Jason Gill,abrown@example.com,+1-827-740-3344x5056,2024-07-06,Saint Vincent and the Grenadines,Pro,3003.86,Active
CUST-1820,Elizabeth Meyer,kathycampbell@example.org,740-486-8250,2022-06-22,France,Pro,703.12,Inactive
CUST-1045,Amber Flynn,michael62@example.org,569.922.2196x93792,2024-11-29,Kuwait,Enterprise,1733.87,Inactive
CUST-1420,   john sherman  #,rrogers@example.com,235-366-9055x10762,2026-01-25,Fiji,Enterprise,2070.17,Inactive
CUST-1628,Brandon Harper,jphelps@example.net,285-562-6149x91537,2024-06-18,Papua New Guinea,Pro,4015.68,Pending
CUST-1562,MITCHELL RUIZ!!!,ehenry@example.net,+1-281-905-0922x2161,2024-11-28,Bahamas,Basic,431.97,Active
CUST-1651,Daniel Lee,stacydaniel@example.net,(978)665-4362x718,2026-03-31,Zimbabwe,PRO_tier,2612.84,Pending
CUST-1877,Jennifer Cohen,mcdonaldkenneth@example.net,(874)283-5268x064,2025-06-13,Kiribati,Basic,3493.35,Pending
CUST-1869,George Edwards,murraystephen@example.net,427-646-9211,2022-03-07,Rwanda,Basic,1378.88,Pending
CUST-1961,Nancy Tanner,wallacecourtney@example.org,001-296-969-4179x96708,2023-04-04,Pitcairn Islands,Enterprise,2629.47,Pending
CUST-1907,Ricky Moore,tvelasquez@example.com,330-979-6373x1008,2026-06-04,Swaziland,Enterprise,2780.64,Active
CUST-1920,Heather Lopez,zlara@example.org,3424620197,2025-05-14,Benin,Basic,512.83,Inactive
CUST-1323,Tiffany Johnson,hbeard@example.com,856.477.0028x427,2023-04-14,Iceland,Basic,1371.93,Active
CUST-1316,Albert Washington,gwilliams@example.org,+1-589-507-1401x40119,2022-08-24,Guernsey,Enterprise,231.65,Active
CUST-1358,Patricia Carrillo,paula89@example.net,207-371-1991,2022-07-23,British Indian Ocean Territory (Chagos Archipelago),Enterprise,4303.74,Inactive
CUST-1266,Linda Miller,gsmall@example.net,001-340-694-3533x44857,2022-06-20,Falkland Islands (Malvinas),Enterprise,1450.84,Active
CUST-1262,Pamela Wilson,matthew99@example.org,(435)957-7027,2026-03-08,Mauritania,Pro,641.8,Pending
CUST-1375,Jamie Bell,brendadixon@example.org,(689)814-1612,2022-10-11,Madagascar,Pro,3404.17,Active
CUST-1885,Anthony Stuart,schneiderraymond@example.com,+1-501-986-7740,2024-03-24,Puerto Rico,Basic,1884.99,Inactive
CUST-1990,Pamela Medina,ftaylor@example.org,543.606.8811x640,17/06/2026,Nauru,Enterprise,4621.3,Pending
CUST-1442,Mark Long,sarah80@example.com,+1-770-450-9754x510,2023-09-25,Algeria,Enterprise,2988.65,Inactive
CUST-1327,Christine Crawford,garrett45@example.com,871.583.4404,2024-11-05,Bermuda,Basic,1588.21,Active
CUST-1231,STEPHEN BOYER!!!,teresayoung@example.com,702-349-1630x09792,2022-12-19,Luxembourg,Enterprise,3022.04,Active
CUST-1866,Raymond Wolf,mbarnes@example.com,+1-826-989-9962,2025-08-25,Marshall Islands,Pro,1056.52,Pending
CUST-1576,   shelby graham  #,hcampbell@example.com,450.695.4654x084,2023-07-05,Andorra,Basic,4093.61,Pending
CUST-1219,Grace White,sclark@example.com,(864)872-9293x143,2022-09-14,South Georgia and the South Sandwich Islands,Enterprise,249.28,Active
CUST-1937,John Jones,santiagoronald@example.com,(407)662-7995x530,2024-12-06,Cote d'Ivoire,Basic,3962.97,Pending
CUST-1368,Jennifer Berry,ymccullough@example.com,892.828.7772x5199,2022-11-20,Indonesia,basc,2679.27,Pending
CUST-1741,Brandon Duffy,rodriguezthomas@example.com,(468)314-2983x152,2024-11-16,Andorra,Pro,781.49,Pending
CUST-1883,Hector Paul,,3642934039,2023-02-09,Brunei Darussalam,Basic,4023.94,Pending
CUST-1941,Cody Berry,bauercory@example.org,801-287-8035,2025-01-26,Uganda,Entrp,3856.58,Pending
CUST-1901,Chad Macias,,262.958.5421,2026-06-21,Nepal,Pro,730.58,Pending
CUST-1447,Corey Thomas,jensenchristopher@example.org,(668)343-3567x0860,2023-01-25,Fiji,Pro,2160.05,Active
CUST-1274,Ashley Campbell,youngjacqueline@example.com,+1-856-766-6832x7238,2025-12-03,Cape Verde,Pro,962.6,Active
CUST-1426,Daniel Frazier,carolynthomas@example.net,001-609-854-8149x737,2022-01-06,Sudan,Basic,4842.62,Inactive
CUST-1609,Jennifer Mathews,michael41@example.com,+1-243-416-7045x0232,2024-04-25,Burundi,Pro,3749.22,Inactive
CUST-1805,Tracy Burnett,bduke@example.org,3005245393,2022-05-18,Turkey,Pro,1869.34,Active
CUST-1522,Patrick Noble,rpotts@example.net,6105783567,30/10/2021,Azerbaijan,Basic,926.87,Pending
CUST-1410,Theresa Stevenson,dennis50@example.net,(740)435-5338x03396,2023-12-08,Albania,Enterprise,362.92,Inactive
CUST-1041,Michael Perry,pbaird@example.com,+1-826-739-8214,24/05/2026,Madagascar,Pro,1939.02,Inactive
CUST-1665,Charles Christensen,iherring@example.com,(826)950-6229x2310,2022-06-21,Guadeloupe,Basic,1836.44,Pending
CUST-1778,James Crane,dylancunningham@example.com,4845993231,2023-03-12,Cambodia,Basic,3278.88,Active
CUST-1438,Catherine Shaffer,iwoods@example.com,7825226940,2025-02-11,Italy,Enterprise,1652.67,Active
CUST-1206,   nathaniel cooper  #,ecarlson@example.org,(962)210-3886x2912,2026-02-10,Martinique,basc,1974.84,Pending
CUST-1779,Jessica Elliott,russellholly@example.net,526.717.6072x3483,2025-01-27,Netherlands,Entrp,3706.5,Active
CUST-1434,Yesenia Obrien,haileybates@example.org,503.724.3298,2023-02-09,Saint Lucia,Basic,1422.51,Active
CUST-1550,Bradley Jones,vsmith@example.net,+1-621-696-3945x680,2024-01-07,Bolivia,Basic,2934.56,Active
CUST-1979,Kevin White,alexanderbrandy@example.net,+1-991-324-8839,2024-01-13,Vanuatu,Pro,613.74,Pending
CUST-1984,Elizabeth Espinoza,richardbullock@example.net,573.566.2713x58969,28/06/2023,South Georgia and the South Sandwich Islands,Enterprise,392.34,Inactive
CUST-1439,Catherine Andersen,,234.314.6511x13129,2025-06-10,Micronesia,PRO_tier,309.38,Pending
CUST-1019,Larry Dixon,mlam@example.com,7607883561,2025-01-15,British Virgin Islands,Basic,4283.82,Active
CUST-1136,Lisa Maxwell,,989.883.6403,2022-04-14,Luxembourg,Enterprise,4327.12,Active
CUST-1923,Janet Parker,mckayemily@example.net,+1-752-931-2021x9150,2025-10-05,Faroe Islands,Basic,2524.3,Inactive
CUST-1076,Robert Kennedy,,001-705-641-5667x65277,2025-09-23,Saint Lucia,Pro,2361.77,Pending
CUST-1298,Jodi Allen,steelerichard@example.org,(954)231-0742,2026-08-09,Kyrgyz Republic,basc,403.48,Active
CUST-1918,Brittany Beasley,robinsonpaul@example.com,+1-208-746-3975x61547,2023-04-25,Montenegro,Basic,$1534.87,Active
CUST-1025,Karen Bender,karen68@example.net,001-489-937-3467x0656,28/04/2026,Nigeria,Basic,858.84,Inactive
CUST-1626,Robert Kirk,,454.811.6597,2022-09-25,Togo,Pro,4869.93,Inactive
CUST-1751,Michael Daugherty,ohiggins@example.net,335.610.4096,08/12/2024,Tuvalu,Enterprise,1744.52,Inactive
CUST-1857,GARY REID!!!,hughesvirginia@example.org,388-824-9353x40018,2023-12-04,Madagascar,Basic,4862.84,Pending
CUST-1809,Juan Cooper,katiepowell@example.net,772-625-7754,2024-02-21,Hong Kong,Pro,3798.89,Pending
CUST-1199,David Walker,xhill@example.org,+1-457-577-5478x12914,14/01/2023,Turks and Caicos Islands,Pro,4528.95,Pending
CUST-1967,JAIME WATTS!!!,hallsamantha@example.com,729-490-6745x686,2023-03-24,Argentina,Enterprise,3143.92,Pending
CUST-1210,Sarah Hopkins,,838-265-8902,2025-09-29,Swaziland,Enterprise,2843.74,Active
CUST-1042,   aaron barber  #,cgrimes@example.net,855.288.6753x3963,2023-04-25,Lebanon,Enterprise,1294.5,Pending
CUST-1853,DENNIS MARTIN!!!,ujones@example.org,(803)784-3753,2025-03-16,Saint Lucia,Enterprise,1144.16,Inactive
CUST-1876,Tyler Miranda,fhuff@example.net,001-282-473-4813x1045,2023-06-25,Monaco,Basic,3747.05,Inactive
CUST-1948,Mary Finley,reynoldscharles@example.net,298-208-5133x138,2023-02-01,Martinique,Entrp,413.86,Inactive
CUST-1110,Jesus Brown,bhopkins@example.org,+1-286-800-8484,2025-10-02,United States of America,Basic,4402.39,Inactive
CUST-1051,Theresa Barnes,nicolepena@example.com,+1-764-205-3773x515,2023-09-18,Comoros,Basic,1900.87,Active
CUST-1475,Jenny King,christopherjones@example.com,347-868-3420,2023-06-07,Sao Tome and Principe,Basic,3824.9,Pending
CUST-1085,Shannon Hester,kathleenrobertson@example.org,537-414-7321x04696,2025-10-16,Vietnam,Basic,$4846.53,Active
CUST-1440,Rhonda Smith,urhodes@example.org,578.281.6093x0685,2024-10-04,Chile,Pro,2654.12,Pending
CUST-1159,Carmen Preston,brianrivera@example.org,(288)744-4310x69872,2021-09-27,Benin,Pro,2041.88,Inactive
CUST-1908,Christopher Frederick,richardsonana@example.org,+1-945-623-5426,2023-01-21,Pitcairn Islands,Basic,2670.62,Inactive
CUST-1652,Loretta Williams,matthewwu@example.net,(886)527-0369x2492,2022-06-23,Ghana,Basic,1345.79,Inactive
CUST-1170,William Davidson,jose43@example.org,230.596.5207x44666,2023-06-09,Rwanda,Enterprise,3336.08,Pending
CUST-1684,Jacqueline Arnold,malikfowler@example.com,(896)757-5427,2026-07-13,Benin,Basic,897.44,Pending
CUST-1986,Dylan Long,,572.670.2896x6605,2022-08-10,Belize,PRO_tier,1248.0,Pending
CUST-1101,Kimberly Brown,,(422)865-6766x18251,2024-05-14,Saint Lucia,Enterprise,455.82,Pending
CUST-1786,Deborah Waller,jameshall@example.org,352-335-6178x17032,2024-09-26,Afghanistan,Enterprise,2645.38,Active
CUST-1242,Tricia Mullins DDS,walkerkeith@example.com,(625)317-9086,2023-09-19,Jordan,Enterprise,$1378.56,Active
CUST-1771,Nathaniel Perry,khanerin@example.com,(695)320-1491x189,2024-06-02,Czech Republic,Basic,3207.83,Active
CUST-1678,Brian Fitzpatrick,,639-245-7039x4380,2022-10-21,Cocos (Keeling) Islands,Basic,1762.81,Pending
CUST-1072,Melissa Taylor,awest@example.org,6435289861,2023-03-25,Australia,Enterprise,704.94,Pending
CUST-1275,   shane martinez  #,jonesalfred@example.net,862.912.6796x9278,24/08/2023,Czech Republic,Pro,4708.26,Inactive
CUST-1620,Gregory Perez,donald61@example.net,001-392-937-2450x1848,2022-11-19,Kazakhstan,Pro,2601.15,Pending
CUST-1211,Timothy Graham,bakernathan@example.net,9669984902,2021-10-10,Thailand,basc,$3231.61,Active
CUST-1203,Stephanie Miller,nicholas38@example.com,(657)579-0827x231,2022-06-22,Cayman Islands,Enterprise,3750.2,Pending
CUST-1363,Glen Reid,johnsonlaura@example.net,234-368-1054x851,2023-12-19,Montserrat,Basic,3813.83,Pending
CUST-1474,Jesse Gardner,nthomas@example.com,001-209-560-5673,2026-01-23,Zambia,Pro,4234.6,Inactive
CUST-1708,Susan Davis,michael45@example.com,522.339.8983x0650,2025-04-04,Cayman Islands,Basic,495.74,Inactive
CUST-1674,Christian Mills,christopherward@example.com,316-551-7680x86628,2023-12-19,Brazil,Enterprise,2959.54,Active
CUST-1187,Jodi Anderson,vmorrison@example.net,785-383-3394x5228,2025-07-11,Monaco,Pro,4161.32,Pending
CUST-1130,Kayla Mccullough,taylorkaren@example.com,9424232536,2024-08-10,Ethiopia,Entrp,1285.17,Active
CUST-1672,Jillian Reyes MD,gblake@example.com,243.797.4292x501,2024-06-26,Heard Island and McDonald Islands,Basic,2277.37,Pending
CUST-1946,Shawn Figueroa,lhall@example.com,375.422.5920x6165,2025-10-08,Burkina Faso,Enterprise,3320.33,Active
CUST-1111,Thomas Warren,jamesfox@example.com,361-856-7933x410,2023-08-14,Micronesia,Pro,830.85,Pending
CUST-1028,Julie Scott,gary91@example.org,619-304-9663x1931,2025-09-14,Mongolia,Pro,4222.12,Active
